group,sub,symbol,amt_1d,chg_1d,amt_5d,chg_5d,amt_20d,chg_20d,amt_60d,chg_60d,amt_1y,chg_1y,amt_ytd,ytd,stock_code
電子–半導體,電子上游-IC-製造,華邦電,41.9,-2.16,775.00117,-4.04,5097.45037,33.78,9506.92975,126.82,15426.80186,612.86,1959.3734,20.82,2344
電子–半導體,電子上游-IC-代工,台積電,515,1.18,3284.29055,0.29,10961.73707,15.54,30590.61026,15.54,103615.3046,57.28,6086.32902,10.32,2330
電子–半導體,電子上游-記憶體製造,南亞科,24.5,-3.77,727.16493,0.66,3285.54848,41.98,12753.4889,142.36,21552.06497,697.23,1591.33583,19.17,2408
電子–光電,電子中游-LCD-TFT面板,群創,46.5,2.95,234.58168,3.66,1138.06033,69.66,1405.33551,55.67,2996.28031,75.99,699.97503,32.84,3481
電子–電子零組件,電子上游-PCB-材料設備,富喬,51.4,-1.38,272.35916,-2.27,1250.53961,1.9,4361.51087,26.47,11337.44143,199.65,445.74398,-8.9,1815
電子–半導體,電子上游-IC-封測,京元電子,74.5,0.19,310.29367,1.31,1365.63303,17.61,4167.76226,49.86,8944.38701,157.89,645.58346,9.29,2449
電子–半導體,電子上游-IP/ASIC,世芯-KY,58.8,1.24,307.9854,-1.61,1263.98954,14.13,4301.82093,18.74,18534.19924,27.04,624.89734,4.7,3661
電子–半導體,電子上游-記憶體銷售,威剛,5.88,-2.55,45.33849,-7.61,894.2495,43.94,2203.48675,41.64,4053.39869,263.76,105.12841,-4.47,3260
電子–半導體,電子上游-記憶體IC設計,群聯,43.7,-0.28,291.75045,9.6,2090.51173,58.21,5405.71771,106.96,8523.57937,289.58,694.21549,22.07,8299
電子–其他電子,電子上游-PCB-材料設備,尖點,52.6,-3.9,331.3935,14.17,1128.35993,28.92,3201.01988,100.48,5252.32937,569.97,426.1803,10.26,8021
電子–半導體,電子上游-記憶體銷售,創見,36.3,1.05,261.24542,10.62,629.25641,31.96,991.42809,71.68,1414.70033,197.07,389.41656,22.19,2451
電子–電子零組件,電子上游-PCB-材料設備,凱崴,3.75,2.23,15.52075,9.13,338.43362,87.07,582.70625,186.46,869.76446,432.95,24.21197,9.13,5498
電機機械,傳產-電機,大量,46.5,4.09,123.05154,7.33,445.40919,3.65,1482.60489,40.41,4578.92287,145.6,177.03437,-1.02,3167
電子–通信網路,電子中游-通訊設備,光聖,59.9,-5.3,274.94084,3.08,955.52464,0,2822.48492,73.8,6727.27343,128.44,401.322,-1.47,6442
電子–半導體,電子上游-記憶體IC設計,愛普*,19,0.85,139.0907,-0.31,479.45488,20.2,1231.91614,34.46,2668.01223,72.38,264.01496,6.25,6531
電子–通信網路,電子中游-通訊設備,華星光,63.3,-6.02,329.36171,-8.54,1468.42733,4.8,3153.56442,48.77,10623.36246,34.29,534.12056,-16.13,4979
電子–其他電子,電子中游-EMS,鴻海,97.1,-0.88,680.76622,-4.03,2293.92129,-0.22,9370.89511,1.57,28213.01445,35.29,1130.81532,-1.74,2317
綠能環保,傳產-綠能環保,可寧衛*,10.9,9.9,292.16098,48.66,644.6416,107.93,812.48497,127.47,950.77576,178.96,427.70941,49.37,8422
電子–半導體,電子上游-IC-封測,欣銓,10.1,-0.38,40.18412,3.57,392.06046,38.24,711.73767,58.57,2091.24359,112.58,136.03223,4.82,3264
電子–半導體,電子上游-IC-代工,力積電,36.4,1.81,534.82135,6.18,2262.17125,44.44,5905.48903,76.04,7935.88003,250.87,1057.17398,28.19,6770
電子–半導體,電子上游-IC-封測,矽格,43.3,6.69,91.08506,9.91,369.31123,24.39,605.89478,38.59,1226.38921,96.37,156.89441,9.44,6257
電子–電子零組件,電子中游-電源供應器,康舒,114,6.67,273.13762,20.09,488.92941,22.35,1259.58593,44.44,1549.11182,75.14,328.95467,22.93,6282
電子–半導體,電子上游-IC-設計,信驊,19.9,-0.62,147.12401,11.18,501.60676,19.03,1769.90451,42.95,5484.92551,128.75,212.29667,10.26,5274
電子–電子零組件,電子上游-PCB-材料設備,台燿,51.8,0.74,188.36126,0.63,916.9826,8.13,3440.28559,46.71,9435.59309,204.49,317.82609,-3.04,6274
電子–半導體,電子上游-記憶體IC設計,晶豪科,3.86,0.34,41.73329,1.38,423.63176,77.36,1009.19997,68.97,1666.10221,149.96,175.60227,24.15,3006
電子–半導體,電子上游-記憶體銷售,十銓,7.93,-2.97,251.91706,-3.45,876.90972,43.59,1466.59685,50.77,2179.50843,171.88,455.44153,3.7,4967
電子–電子零組件,電子上游-被動元件,榮科,12.7,7.84,35.78835,10.22,203.09226,25.71,549.67228,54.93,712.38712,215.19,73.40429,4.76,4989
電子–半導體,電子上游-IC-設計,聯發科,146,2.77,588.92569,0,2237.98792,7.74,6622.73029,13.82,24597.69829,5.72,1120.62449,5.86,2454
電子–電腦及週邊設備,電子中游-EMS,緯穎,113,-4.76,690.77634,-15.49,1426.81555,-11.46,4539.80184,1.04,13963.71006,67.71,893.82135,-13.04,6669
電子–半導體,電子上游-IC-製造,旺宏,23.6,-0.49,1083.95062,16.22,1901.70235,59.84,4336.70542,125.56,5317.10767,230.08,1364.79771,54.37,2337
電子–半導體,電子上游-IC-封測,穎崴,19.6,-0.58,207.0102,10.22,594.9568,23.21,1606.20993,41.98,4610.54509,176.96,309.67376,21.48,6515
其他,電子下游-消費電子,雷虎,13.8,-0.96,139.89204,6.16,301.80257,11.91,674.37103,11.91,2246.62022,133.79,159.554,6.9,8033
電子–光電,電子中游-光學鏡片,大立光,31.6,-2.41,191.76618,-5.63,661.85026,17.96,1045.27031,8.24,3757.1117,-8.85,331.31638,-2.61,3008
電子–電子零組件,電子中游-電源供應器,台達電,120,-2.37,631.43138,-1.9,2045.36904,9.81,6976.04692,0.49,18448.07524,150.49,1095.7323,6.96,2308
電子–半導體,電子上游-IC-封測,聯鈞,17.5,-2.92,90.43763,-4.59,585.78522,-7.25,2023.67332,-4.22,9589.82565,-21.23,202.77639,-7.59,3450
電子–其他電子,電子中游-儀器設備工程,亞翔,66.3,3.97,208.09291,-0.17,783.12241,7.69,1801.60027,32.6,5185.40022,173.11,323.60035,9.06,6139
電子–電子零組件,電子中游-電源供應器,環科,1.31,-2.43,6.0363,5.13,122.5456,52.56,169.82204,118.2,185.39672,100.65,9.8188,1.21,2413
電子–半導體,電子上游-IC-封測,日月光投控,79,2.3,336.5273,6.63,1066.89521,18.89,3507.12975,51.17,7950.60848,82.09,537.69395,15.57,3711
電機機械,電子上游-IC-代工,中砂,11.9,1.2,56.44427,-2.66,280.53823,14.23,658.39711,22.89,2390.83985,42.77,120.61964,6.31,1560
電子–電腦及週邊設備,電子中游-二次電池,順達,10.4,-1.85,63.51496,-7.58,591.67203,3.36,1308.85667,-9.86,5149.41298,67.67,120.15515,-13.2,3211
電子–半導體,電子上游-記憶體銷售,宇瞻,21.7,-5.68,222.40078,11.16,399.19345,33.87,850.46312,10.67,1210.59571,193.56,258.93002,10.18,8271
鋼鐵工業,傳產-鋼鐵,第一銅,9.81,1,35.05991,0.2,138.09865,12.63,259.08386,22.93,623.55427,40.9,56.43691,4.46,2009
電子–電子零組件,電子上游-PCB-材料設備,建榮,4.45,-0.86,32.25444,7.11,102.78227,6.62,319.47699,42.89,573.85315,90.49,41.50142,-0.86,5340
電子–電子零組件,電子上游-ABF,欣興,141,4.31,479.76139,10.2,1149.09051,12.89,3713.40622,53.47,9871.41294,81.09,699.79212,15.45,3037
電子–電腦及週邊設備,電子中游-NB與手機零組件,奇鋐,57.9,-0.74,462.74845,-5.61,1354.8222,-5.61,5275.68368,12.55,15922.18704,157.45,706.39076,-10.93,3017
玻璃陶瓷,傳產-玻璃陶瓷,台玻,17.9,-2.3,136.12735,-0.29,465.40288,-8.71,2243.83805,16.41,4430.36751,118.27,169.62853,-1.45,1802
電子–電子零組件,電子上游-PCB-製造,金像電,46,-1.65,271.62984,-1.06,1048.36682,5.99,3970.08848,57.45,9363.72735,227.58,482.75577,-4.66,2368
電器電纜,傳產-電線電纜,華新,111,4.93,442.30542,15.12,931.2861,30.3,2046.02392,39.03,3707.95236,84.44,595.35219,30.5,1605
電機機械,傳產-電機,恩德,0.07659,-1.34,4.29344,1.37,67.92909,44.3,86.18876,47.67,264.67634,63.23,9.66093,-6.74,1528
電子–其他電子,電子中游-儀器設備工程,聖暉*,55.2,2.65,147.22887,-0.73,471.59106,-1.81,1101.06539,-7.2,2526.19516,102.21,246.62909,3.97,5536
電子–光電,電子中游-LCD-零組件,中光電,6.8,-1.91,53.92835,0.81,159.84708,-1.58,721.27494,-20,3513.61969,10.93,66.85243,1.4,5371
電子–半導體,電子上游-IP/ASIC,力旺,10.8,-0.88,65.01788,-2.89,254.09838,-11.11,1122.25134,-18.25,4130.27895,-48.23,119.57342,-2.89,3529
電子–光電,電子中游-LCD-TFT面板,友達,72.6,-0.98,512.7223,-0.33,732.81828,33.48,1015.89718,14.34,1852.54614,13.48,620.96161,23.67,2409
電子–電子零組件,電子上游-PCB-製造,華通,260,6.3,722.58686,30.43,1673.17734,58.08,2265.15994,52.03,4354.03257,111.7,864.29778,45.01,2313
電子–電腦及週邊設備,電子下游-筆記型電腦,廣達,47.1,-0.53,372.48434,-1.06,1273.08054,-2.62,3126.5629,-4.29,13450.13608,12.43,576.54041,2.57,2382
電子–半導體,電子上游-IP/ASIC,創意,57.2,-0.62,311.42056,-2.62,1223.40893,6.37,4632.01598,64.63,9201.28209,95.69,614.20815,13.88,3443
電子–電子零組件,電子上游-PCB-材料設備,台光電,47.3,1.55,384.28422,-3.54,1063.13273,1.87,3481.09971,43.42,11207.60981,181.23,583.39099,-0.61,2383
電機機械,傳產-電機,高力,116,8.31,257.13617,29.9,562.819,46.8,1281.66816,37.45,3274.63996,161.96,352.52133,30.34,8996
電子–半導體,電子上游-晶圓材料,環球晶,48.6,0.85,230.95134,9.93,500.95734,25.87,1099.47084,-4.53,3383.85523,40.56,332.86673,17.24,6488
電子–電子零組件,電子上游-PCB-製造,定穎投控,112,-4.84,482.01519,16.53,999.00026,14.58,2783.55455,42.78,5597.45273,150.46,632.00034,7.84,3715
電子–電子零組件,電子上游-被動元件,國巨*,226,5.25,663.42427,2.76,1547.68968,9.68,6343.66006,45.13,10490.32944,106.98,1107.9899,12.77,2327
電子–通信網路,電子中游-網通,智邦,50.7,-2.07,361.53312,-4.84,1245.02205,2.16,3962.60165,18,11274.08986,63.53,555.68671,-0.42,2345
電子–電子零組件,電子上游-PCB-材料設備,揚博,3.66,-0.79,21.00592,5.88,73.19019,21.74,131.7929,36.22,349.37352,53.64,31.46934,4.13,2493
電子–半導體,電子上游-IC-封測,南茂,68.7,-0.34,273.31139,14.56,486.45823,27.02,1019.24863,89.1,1160.05649,105.72,350.2013,25.13,8150
電子–電腦及週邊設備,電子下游-筆記型電腦,緯創,48.5,-1.71,430.24273,-7.12,1220.85251,0,4249.01558,2.87,12690.86737,42.01,712.6962,-4.65,3231
電子–半導體,電子上游-IC-封測,精測,19.6,5.06,74.9585,-1.93,377.25623,5.79,975.27414,25.9,2307.21193,182.66,107.06798,0,6510
電子–半導體,電子上游-IC-封測,旺矽,43.8,3.41,203.95594,5.81,610.25596,-4.21,1841.38022,16.07,6114.6377,162.17,296.2871,1.11,6223
電子–半導體,電子上游-IC-代工,穩懋,88.3,-9.87,483.81109,14.13,1044.53319,15.38,1921.55766,117.62,2570.82627,111.35,592.28781,14.75,3105
電子–電腦及週邊設備,電子上游-記憶體銷售,宜鼎,27.5,3.03,150.75788,3.19,483.30617,29.2,1471.57724,50.93,2259.43844,222.44,264.993,12.15,5289
電子–電腦及週邊設備,電子中游-電源供應器,光寶科,23.6,-0.61,126.95399,-4.11,530.39593,6.51,2219.60079,-3.25,6360.27447,58.15,247.65497,0,2301
電子–其他電子,電子中游-儀器設備工程,漢唐,91,9.98,265.94489,5.88,906.17573,14.16,1698.55895,22.17,4828.37772,131.15,409.41933,13.8,2404
電子–電子零組件,電子上游-連接元件,富世達,32.6,-2.63,164.69241,-11.9,531.74375,-19.31,2028.24155,8.82,5893.39815,91.9,252.6785,-20.31,6805
電子–其他電子,電子中游-散熱零組件,雙鴻,22.1,-1.25,175.92756,-5.37,665.64392,3.59,2177.59603,-4.42,7141.12772,55.09,263.00766,-5.84,3324
電子–電子零組件,電子上游-被動元件,蜜望實,8.08,4.18,54.90325,7.03,252.29574,8.72,659.41337,128.79,774.34742,208.27,80.42022,4.42,8043
電子–半導體,電子上游-IC-導線架,長科*,2.93,-0.52,21.99849,0.84,85.34708,14.82,220.83045,24,310.91057,51.57,46.72596,7.83,6548
電子–光電,電子上游-LED照明及光元件,惠特,10.4,-2.1,35.45468,-11.41,327.08164,-1.69,543.7128,63.17,878.58931,6.39,74.13486,-17.08,6706
電子–通信網路,電子上游-被動元件,上詮,13.6,-4.04,66.75783,-3.6,348.17699,-1.19,943.99229,17.04,3253.14301,27.65,146.44865,-9.18,3363
塑膠工業,傳產-塑膠,南亞,56.4,-3.86,537.34076,5.6,1112.65771,1.8,3640.37336,50.06,6181.29929,102.21,690.71495,3.32,1303
電子–半導體,電子上游-IC-半導體設備,鴻勁,35.5,0.44,217.74755,6.13,646.13196,8.29,1279.51941,0,1279.51941,0,351.38785,1.02,7769
電子–半導體,電子上游-記憶體銷售,品安,27.5,3.4,101.60172,17.22,153.55976,30.79,433.10768,28.49,961.60664,174.55,114.26481,18.61,8088
電子–電子通路,電子上游-IC-通路,方土昶,2.84,9.88,9.90618,22.47,87.32103,104.91,132.45317,205.49,147.5333,332.12,37.21735,29.7,6265
電子–電子通路,電子上游-IC-通路,至上,22.9,-2.28,253.95009,-1.91,515.60583,5.18,1785.48578,51.08,2119.38512,39.3,348.18673,3.35,8112
航運業,傳產-航運,漢翔,9.45,0.37,64.42294,5.18,120.08339,8.51,329.71751,-3.86,2443.17522,25.8,73.46375,8.3,2634
電子–半導體,電子上游-ABF,景碩,63.6,-2.49,337.4751,4.13,749.36664,16.5,2076.00206,19.66,3903.04955,82.83,506.89685,11.01,3189
電子–其他電子,電子上游-連接元件,貿聯-KY,25,1.79,291.55651,-9.84,942.30862,-7.49,3344.12089,16.39,8819.12453,161.11,433.82259,-6.58,3665
電子–電子零組件,電子上游-PCB-製造,台虹,10.2,-0.47,43.76421,0.59,329.06253,-18.16,1033.11398,32.34,1504.34666,105.08,87.54549,-0.59,8039
電子–半導體,電子上游-IC-封測,力成,90.3,10,272.75141,18.63,738.72402,49.38,1436.20964,55.13,2803.46543,118.75,452.08868,39.88,6239
電子–半導體,電子上游-IC-封測,華泰,34,-1.17,102.32206,4.96,336.99462,16.31,580.93491,24.24,1175.40765,86.05,143.58341,5.71,2329
電子–電腦及週邊設備,電子下游-筆記型電腦,華碩,47.4,-5.13,188.81048,-3.9,804.50062,-11.9,1650.42626,-24.38,6310.68452,-9.26,268.11184,-5.47,2357
電子–半導體,電子上游-IC-半導體設備,家登,9.65,0.12,65.31789,-0.58,228.82075,22.09,380.67442,23.84,1094.95888,-7.16,155.5863,19.52,3680
電子–電子零組件,電子上游-PCB-材料設備,鉅橡,7.95,-2.32,67.84187,16.38,216.03438,38.48,279.9792,97.47,363.31967,173.91,83.15588,7.25,8074
生技醫療,傳產-生技,藥華藥,16.8,0.19,62.80493,3.6,174.12859,3.19,541.54398,0.19,2875.04621,-20.1,94.21877,10.21,6446
電子–其他電子,傳產-其他,光洋科,7.86,1.73,35.84614,-0.15,237.12826,-0.15,396.00239,1.1,1270.40708,11.03,59.90854,-2.86,1785
電子–電子零組件,電子中游-二次電池,AES-KY,15.7,-4.23,75.35214,-5.68,354.6673,-4.96,1660.24769,15.28,5398.24534,11.52,120.06262,-6.39,6781
電子–半導體,電子上游-IC-封測,超豐,26.7,-0.96,80.29714,3.68,311.42388,15.1,451.82588,41.98,558.11085,62.82,119.58769,4.49,2441
電子–半導體,電子上游-記憶體IC設計,鈺創,3.18,-2.1,25.61626,-3.34,233.34592,46.27,449.75721,59.74,720.25423,86.48,124.1827,19.49,5351
電機機械,傳產-電機,華城,58.6,-0.61,241.0303,9.88,779.88701,0.62,2171.09659,36.47,6850.3055,80.75,305.87512,6.14,1519
電子–電子零組件,電子中游-金屬製品,川湖,23.1,-1.78,146.90705,3.12,490.62479,-11.63,1898.38631,-15.9,5856.66675,136.99,305.35965,-11.87,2059
電子–光電,電子上游-IC-導線架,一詮,3.74,-1.32,29.68789,-6.56,207.14996,-5.87,659.12707,11.97,1493.9929,-13.11,62.99485,-4.37,2486
電子–電子零組件,電子中游-散熱零組件,健策,49.8,-5.72,242.83079,-9.47,796.38205,-20.2,2739.27605,2.14,7110.05143,72.4,350.28269,-12.93,3653
電子–電子零組件,電子上游-ABF,南電,72,5.3,186.98558,9.61,440.58171,-1.29,2471.11143,-4.8,6796.91155,95.92,248.14356,11.2,8046
電子–光電,電子中游-儀器設備工程,牧德,3.88,-1.29,24.21405,-7.37,134.76749,-5.79,363.38678,3.63,1854.43949,61.15,50.79544,-5.97,3563
航運業,傳產-航運,長榮,21.5,-0.26,116.51583,2.9,365.44729,6.56,1151.88264,5.12,7745.48269,11.19,178.00204,2.63,2603
電子–電子零組件,電子上游-PCB-材料設備,德宏,4.41,-5.84,19.44623,-6.58,61.99259,8.13,177.6361,37.6,429.39407,613.19,29.61479,-12.62,5475
鋼鐵工業,傳產-鋼鐵,中鋼,9.57,-0.51,64.50844,5.14,158.61868,3.73,343.03716,3.46,1530.82876,4.63,84.67322,2.37,2002
電子–光電,電子上游-PCB-製造,台表科,1.62,0.21,6.52157,0.52,37.92704,-2.43,113.28679,-9.06,437.50418,-3.12,13.33202,1.05,6278
電子–其他電子,電子中游-儀器設備工程,德律,4.87,-1.42,26.97213,-3.06,215.2961,4.82,383.54189,14.85,1273.96297,47.03,49.13951,-9.14,3030
電子–電子通路,電子上游-IC-通路,文曄,19.8,5.21,53.06035,3.41,308.1567,0.33,796.28691,10.18,1833.97227,43.55,94.64505,10.58,3036
電機機械,傳產-電機,鈦昇,3.36,-3.24,18.54839,-5.43,105.50734,-0.48,181.34132,19.57,341.30311,27.75,51.68683,-4.57,8027
電子–電子零組件,電子上游-PCB-製造,毅嘉,4.74,-2.27,23.72557,-5.25,208.86151,-12.23,426.23774,11.55,1073.48953,60.73,53.08574,-11.11,2402
電子–半導體,電子上游-IC-封測,台星科,18.5,6.92,37.53524,13.93,119.78535,28.7,164.09193,52.25,235.69591,36.14,50.68822,9.88,3265
電機機械,傳產-電機,東元,10.2,-1.56,51.7622,-1.44,305.06261,-6.16,1972.19363,-25.86,5452.99982,60.55,79.1766,-2.02,1504
電子–半導體,電子上游-IC-設計,譜瑞-KY,11.1,-4.01,77.48357,2.4,160.91522,-0.66,404.65859,-20.27,1701.14785,-13.21,99.19101,2.4,4966
電子–通信網路,電子中游-網通,眾達-KY,10.7,-8.78,26.14994,-9.81,202.82745,-18.71,522.48137,4.37,1657.36999,-5.74,48.91428,-15.85,4977
電子–其他電子,電子上游-IC-半導體設備,矽科宏晟,3.88,10,13.43048,-0.36,33.36423,0,33.36423,0,33.36423,0,21.71357,-3.61,6725
電子–半導體,電子上游-記憶體銷售,凌航,10.3,9.66,45.91642,26.25,112.96868,72.49,161.59271,139.65,199.49357,0,71.2009,27.38,3135
金融保險,金融-金控,玉山金,8.4,-0.31,53.71849,-3.86,431.17211,-1.22,1117.55286,0,2705.54748,22.22,107.93775,-4,2884
生技醫療,傳產-生技,晟德,0.04528,-0.85,3.5259,1.12,19.4933,8.41,43.79958,20.12,118.61591,4.61,6.98425,-2.4,4123
電子–通信網路,電子中游-通訊設備,耀登,14.7,6.23,24.42429,40.1,58.18102,61.11,61.56388,55.75,94.46562,49.73,26.6769,34.26,3138
電子–半導體,電子上游-IC-封測,福懋科,21.7,2.56,74.81121,0.59,304.75331,41.79,526.58796,99.42,557.29413,156.68,157.06676,5.41,8131
塑膠工業,傳產-塑膠,台塑,16.4,-3.13,97.33331,5.24,180.17841,0.75,605.98083,7.34,2029.83581,15.19,118.70154,3.08,1301
電子–電腦及週邊設備,電子中游-EMS,大眾控,1.35,-6.08,5.3839,6.38,78.29566,39.07,84.8463,41.51,162.62799,37.94,10.45854,-3.49,3701
電子–光電,電子下游-太陽能,元晶,76.2,7.76,230.55642,45.07,352.22825,94.81,405.19935,162.24,549.57967,120.59,275.61824,34.41,6443
電子–電子零組件,電子上游-PCB-製造,精成科,10.7,-2.15,67.24924,4.59,186.23375,-3.39,1280.80631,2.24,5301.7691,89.18,92.88693,1.79,6191
電子–其他電子,電子中游-儀器設備工程,致茂,32.2,3.14,174.13526,14.95,590.96351,22.24,2214.9409,41.79,4559.80943,166.96,253.83503,26.97,2360
電子–光電,電子中游-光學鏡片,邑錡,1.56,-0.36,14.95522,4.58,46.60681,5.38,114.45574,0,584.06311,84.26,18.98936,4.18,7402
電子–半導體,電子上游-IC-代工,聯電,70.8,-0.72,826.04687,11.59,1213.36165,12.5,2027.7224,22.27,5719.54284,40.66,885.86656,11.47,2303
電子–半導體,電子上游-IC-半導體設備,萬潤,9.38,-1.32,62.1126,-6.25,162.4344,4.17,362.94608,-4.82,2532.00032,-2.91,121.56129,3.02,6187
電子–其他電子,傳產-其他,鑫科,2.33,1.04,7.20148,3.72,38.83873,30,44.33353,23.03,245.60348,-8.13,16.8222,2.99,3663
電子–電腦及週邊設備,電子下游-電腦周邊,廣明,4.48,-3.06,44.19246,-4.72,118.16345,6.22,219.88269,5.21,1064.27241,10.03,74.65219,3.74,6188
電子–其他電子,電子中游-儀器設備工程,帆宣,19,7.34,63.42687,-1.18,220.783,13.81,365.38354,15.61,1003.82656,103.45,102.01069,6.36,6196
電子–通信網路,電子中游-通訊設備,波若威,3.97,-4.88,91.77329,-10.73,384.57578,-14.54,2027.29889,65.94,7505.36625,105.84,201.53713,-14.43,3163
電子–光電,電子中游-光學鏡片,今國光,4.4,-2.02,22.06724,-8.91,152.26319,-10.72,422.93162,40.14,615.99206,115.93,37.53002,-12.72,6209
電子–電子零組件,電子上游-PCB-材料設備,聯茂,12.5,-1.71,49.10178,-2.54,160.15496,1.32,619.14448,15.81,2429.81075,59.74,100.7717,1.32,6213
電子–電腦及週邊設備,電子中游-機殼,勤誠,29.2,4.5,129.48621,-3.84,432.2462,4.04,1429.10536,40,3266.37048,297.68,212.6417,-5.27,8210
電子–電腦及週邊設備,電子下游-工業電腦,事欣科,9.2,0,38.50052,10.52,126.96175,10.71,205.76948,12.12,1781.13589,105.57,45.77802,8.77,4916
航運業,傳產-航運,陽明,7.58,-1.25,52.11914,-0.18,199.10322,9.06,656.78571,3.94,4911.0393,-11.42,75.21132,-0.54,2609
航運業,傳產-航運,長榮航,11.2,-1.48,49.67212,0.69,152.30499,3.54,487.42663,-3.56,2874.38457,-16.23,69.62565,0,2618
電子–電子零組件,電子上游-PCB-製造,泰鼎-KY,7.23,-3.38,64.87702,4.64,187.76654,27.62,246.32395,60.69,468.41191,23.18,93.76473,13.41,4927
金融保險,金融-金控,台新新光金,16,0.72,54.56658,0.72,905.02521,8.51,1396.96198,7.12,3432.64101,27.58,98.96823,3.19,2887
電子–其他電子,電子中游-儀器設備工程,弘塑,19.7,-2.19,120.87172,1.42,342.72095,17.82,865.73161,6.25,3452.12544,28.01,226.15989,14.42,3131
化學工業,傳產-化學工業,國精化,4.92,2.76,23.59536,-4.29,170.85659,-1.18,433.43042,-17.89,1182.02426,257.3,48.30011,-10.67,4722
電子–通信網路,電子下游-電信服務,台灣大,6.67,-0.47,34.27806,0,354.55775,1.42,641.28637,-2.73,2365.01176,0.39,59.71808,-1.38,3045
航運業,傳產-航運,亞航,5.54,1.46,21.71245,7.56,49.93219,10.12,131.09728,-3.81,811.67649,52.51,24.04484,6.53,2630
電子–電子零組件,電子上游-連接元件,湧德,6.35,-1.59,34.40675,0,136.3424,21.08,283.51579,30.69,926.51518,44.14,82.08248,6.93,3689
電子–通信網路,電子中游-通訊設備,兆赫,22.4,10,41.31372,19.33,236.21012,10.81,457.93569,116.85,482.6055,110.07,55.19283,14.58,2485
電子–電子零組件,電子上游-被動元件,光頡,6.08,7.27,25.99651,4.01,124.36746,21.31,280.296,71.47,306.22484,71.69,79.32366,11.13,3624
電子–電子零組件,電子中游-變壓器與UPS,系統電,5.59,-3.6,26.18776,-3.02,246.18567,-10.46,557.01501,-5.03,1973.52462,71.84,53.70485,-5.59,5309
電子–電子零組件,電子上游-PCB-製造,臻鼎-KY,78.9,3.47,146.35883,12.71,326.43549,14.69,1051.65093,8.25,4094.09119,48.66,183.25438,15.49,4958
電子–光電,電子中游-儀器設備工程,廣運,1.26,-1.27,15.12039,-3.19,55.79357,0.72,92.09501,-5.92,485.39625,-20.11,22.54346,-3.05,6125
電子–電腦及週邊設備,電子中游-EMS,和碩,4.01,-0.85,37.03316,1.89,169.75214,1.89,427.40691,-2.36,1362.91066,-20.7,61.39898,2.33,4938
航運業,傳產-航運,龍德造船,1.94,-1.45,14.75884,3.42,67.31626,10.12,148.91403,-2.16,978.85547,33.18,18.15341,2.26,6753
電子–電子通路,電子上游-IC-通路,大聯大,5.04,0.94,38.32843,5.59,178.02884,0.94,531.53445,1.58,1279.95185,-4.45,62.21819,10.31,3702
生技醫療,傳產-生技,康霈*,3.86,-1.36,36.45579,-3.64,136.95494,-12.61,746.78113,-11.28,5358.28017,118.8,50.32596,-6.13,6919
航運業,傳產-電機,長榮航太,5.38,1.69,26.94713,2.74,96.38033,6.76,274.56635,-2.91,1471.8285,50.72,34.57416,5.63,2645
電子–電子零組件,電子上游-PCB-製造,健鼎,15,-0.8,55.89626,-2.2,227.73898,0.65,644.29531,-2.96,2178.5393,66.69,88.9433,-2.05,3044
電子–其他電子,電子上游-PCB-材料設備,昇貿,69.4,-0.41,137.44545,11.01,348.99887,25.26,628.84363,14.69,2207.49722,106.31,153.1528,16.91,3305
金融保險,金融-金控,富邦金,17.9,-0.84,69.13966,-2.28,325.91694,-2.69,1395.04146,4.9,5164.6249,10.8,113.56766,-1.98,2881
電子–半導體,電子上游-IC-設計,祥碩,49.7,-5.8,220.68715,9.24,323.34752,8.33,654.82365,-12.16,3230.56839,-35.87,252.90161,7.44,5269
電子–通信網路,軟體-系統整合,華電網,47.6,2.44,82.42209,26.55,158.05044,43.59,288.00902,208.26,325.97785,233.83,94.40766,23.99,6163
電子–半導體,電子上游-IC-設計,晶相光,0.03261,-1.71,6.06773,-4.35,18.92906,4.77,36.13763,22.86,61.97465,-9.45,10.34414,2.61,3530
航運業,傳產-航運,華航,6.08,-1.93,27.00036,-0.73,105.50177,4.63,282.82756,-1.69,1256.44978,-17.51,42.01737,0.74,2610
電子–電子零組件,電子上游-PCB-製造,瀚宇博,7.39,-1.03,36.86402,4.92,121.70639,-1.54,674.55945,-4,1510.77583,94.65,50.25529,4.01,5469
電子–通信網路,電子下游-電信服務,中華電,9.78,0,53.49582,0.75,152.92017,2.3,490.9073,1.14,2832.97861,11.82,84.89539,2.3,2412
電子–電子零組件,電子上游-PCB-製造,高技,10.8,-3.13,61.72003,-3.43,307.34724,-12.18,1406.2521,5.62,5472.86492,197.88,102.46547,-2.21,5439
電器電纜,傳產-電線電纜,華榮,2.49,0.13,21.03306,-0.78,81.62001,-0.65,266.86804,23.5,519.82668,60.22,30.10277,-0.65,1608
電子–電腦及週邊設備,電子中游-散熱零組件,邁科,4.42,-6.51,18.39267,-14.75,89.36937,0.6,168.14647,0,168.14647,0,31.26301,-14.75,6831
電子–其他電子,電子中游-機殼,可成,11.5,1.45,49.44672,1.95,169.40792,13.86,428.92268,19.95,1700.16104,11.55,74.25322,0.72,2474
電子–半導體,電子上游-IC-半導體設備,竑騰,10.1,9.94,31.27014,14.4,81.9162,38.73,150.26621,79.1,251.42089,0,41.97645,12.63,7751
電機機械,傳產-電機,大同,24.9,9.86,48.83617,16.5,183.50571,1.57,493.86405,-5.56,1764.58956,-14.79,65.3998,13,2371
其他,傳產-其他,智通*,1.59,0,8.00334,-2.36,29.0273,-0.6,135.64688,-20.05,1024.23284,102.05,12.44131,-1.19,8932
電子–光電,電子中游-儀器設備工程,東捷,9.13,9.84,19.67877,16.49,60.88535,27.25,88.76689,21.83,276.53828,18.8,34.7823,17.97,8064
文化創意,軟體-遊戲,鈊象,7.8,-0.67,49.32068,2.94,151.44479,2.65,851.39862,-4.04,3752.1283,-19.42,77.01091,2.08,3293
電子–半導體,電子中游-LCD-TFT面板,新應材,13.5,-1.4,84.48179,-4.88,303.86009,11.97,761.4979,-1.29,2877.21142,0,201.28062,4.56,4749
數位雲端,軟體-其他,創泓科技,0.05409,-2.67,3.76804,-2.67,17.18703,7.19,28.48052,24.71,72.29147,97.28,8.6944,-1.5,7714
電子–半導體,電子上游-LED照明及光元件,采鈺,4.23,-0.74,20.50447,-6.49,79.77374,0,217.58022,6.6,1178.81835,-17.68,34.00272,-6.49,6789
電子–電腦及週邊設備,電子中游-EMS,神達,20.3,-3.07,127.41309,-7.88,392.16773,1.55,1962.01564,-8.57,9661.61308,44.04,274.23938,-1.27,3706
電子–電腦及週邊設備,電子中游-主機板,微星,12.2,-2,61.2717,2.3,143.54266,-1.31,574.6255,-10.5,2004.83232,-43.68,75.40683,1.98,2377
電子–光電,電子上游-LED照明及光元件,億光,1.23,-1.25,12.12832,-2.99,90.20258,9.11,142.15943,-12.68,414.69921,-27.74,20.4092,-0.18,2393
電子–其他電子,電子上游-IC-其他,光焱科技,0.02389,-7.29,1.35452,5.17,18.65644,27.48,40.74837,102.66,90.0747,0,9.45619,10.51,7728
金融保險,金融-金控,中信金,12,-0.7,60.90101,-0.4,460.02043,6.77,1003.95321,16.55,5081.50516,34.01,110.94081,-1.1,2891
電子–通信網路,電子下游-手機製造,宏達電,4.53,-2.59,22.33615,-7.49,72.29564,-11.67,327.23431,-14.84,2787.84407,-7.68,32.51893,-8.43,2498
電子–光電,電子中游-LCD-TFT面板,元太,7.5,-1.69,69.08651,-6.68,199.42492,-6.68,646.0917,-19.77,3316.55109,-35.51,122.95625,-11.87,8069
電子–光電,電子上游-PCB-材料設備,高僑,0.04674,-2.82,3.35973,-4.34,23.89966,13.14,26.9078,21.9,84.73729,9.63,6.45501,-8.32,6234
電子–電腦及週邊設備,電子中游-主機板,技嘉,10.3,0,67.92358,-3.88,217.04305,-1.46,647.66013,-16.78,2981.26214,-2.54,118.5552,-5.61,2376
金融保險,金融-金控,元大金,5.7,0,41.25797,0.12,256.17444,6.44,589.41112,17.56,2098.30636,25.19,95.54347,3.05,2885
電子–半導體,電子上游-IC-設計,聯詠,12.3,0.65,105.58291,1.98,278.79708,3.35,694.4029,-6.09,3252.23957,-19.44,169.92335,3.07,3034
電子–電子零組件,電子上游-PCB-材料設備,志聖,6.12,0.98,40.38109,-3.93,176.43737,4.91,330.39988,34.29,854.99131,37.26,87.35589,2.4,2467
電子–半導體,電子上游-IC-封測,博磊,3.94,0.41,6.49326,6.91,36.70296,16.51,108.75107,14.49,162.9106,54.71,9.01839,-0.14,3581
電子–電子零組件,電子上游-PCB-製造,律勝,0.02503,2.26,0.78355,8.09,13.67991,39.01,17.13918,77.64,24.38322,46.63,1.37582,2.44,3354
電子–通信網路,電子上游-PCB-製造,新復興,11.6,-1.29,24.40662,3.19,98.07343,48.31,113.60463,22.07,486.92006,-33.38,32.37284,4.07,4909
電子–電子零組件,電子上游-被動元件,日電貿,9.35,0.99,43.38425,-5.09,192.06595,-1.91,589.73716,34.34,866.02772,66.23,120.2527,4.17,3090
生技醫療,傳產-生技,美時,17.5,2.63,50.97991,7.72,138.57727,5.59,697.01452,1.38,1487.37693,14.61,68.66687,3.53,1795
其他,傳產-其他,jpp-KY,2.88,0.55,17.52295,-2.68,70.92302,-11.4,448.53964,-2.68,1290.63303,53.9,28.43241,-3.2,5284
電子–電腦及週邊設備,電子中游-機殼,晟銘電,4.37,-2.42,22.58902,-5.47,91.44782,-12.95,527.95209,0,2682.928,-14.97,32.23758,-7.28,3013
水泥工業,傳產-水泥,台泥,16,0,62.0233,8.48,148.63166,11.63,370.41328,8.48,1694.21435,-16.19,83.05361,7.54,1101
其他,傳產-其他,世紀*,7.01,-1.9,9.45633,-3.17,29.25833,-0.72,103.33533,-18.15,1609.94448,-9.34,18.72682,-1.43,5314
金融保險,金融-金控,第一金,6.58,0,26.20168,-2.16,294.02796,3.7,501.21312,0,1703.60061,11.66,43.42753,0,2892
電子–半導體,電子下游-太陽能,中美晶,10.1,-1.67,65.53445,-0.03,199.20715,14.44,429.79473,-5.98,1720.54685,2.82,118.25367,11.23,5483
電子–電腦及週邊設備,電子下游-筆記型電腦,宏碁,8.55,-1.86,52.84175,0.57,157.27968,-0.94,456.86316,-13.89,1282.21539,-25.16,81.78899,-0.19,2353
電子–半導體,電子上游-IC-半導體設備,昇陽半導體,28.2,-3.12,102.96199,-7.21,429.40635,7.49,764.19833,-0.53,4346.31646,47.9,292.1235,4.78,8028
綠能環保,傳產-綠能環保,金益鼎,6.35,4.02,14.10174,7.37,57.73541,19.1,106.29303,49.78,266.95311,79.16,19.07316,14.49,8390
電子–電子零組件,電子上游-PCB-製造,亞電,1.29,-2.59,6.30935,-4.28,54.25323,-7.62,261.90069,56.46,285.48113,85.33,12.79079,-2.85,4939
電子–半導體,電子上游-IC-設計,安國,3.55,-2.89,15.22881,-6.75,125.46855,-19.24,664.41212,-1.67,1585.83986,0.86,38.73129,-17.54,8054
電子–電子零組件,電子上游-PCB-材料設備,中探針,1.83,-0.57,13.11217,6.76,47.74823,-1.7,220.889,-9.08,582.42071,49.71,18.2273,1.76,6217
電子–光電,電子下游-數位相機,佳能,4.62,-2.13,22.99171,-1.76,82.31837,-2.62,614.67585,-4.4,3141.26008,51.58,40.1228,0.77,2374
鋼鐵工業,傳產-航運,豐達科,1.55,1.72,4.74557,2.61,21.11764,21.65,42.86204,-3.67,478.39234,27.37,11.49045,14.01,3004
電子–其他電子,電子中游-變壓器與UPS,旭隼,10.9,1.49,41.38146,0,138.76581,2,715.75268,-4.23,1491.14496,-43.57,76.70099,5.05,6409
電子–半導體,電子上游-IC-封測,精材,23.6,-3.8,168.60431,14.94,225.80448,30.15,364.85528,20.82,1519.62616,-22.48,203.63505,27.34,3374
電子–半導體,電子上游-IC-代工,世界,76.4,-1.26,378.02943,18.09,509.00135,29.41,750.06401,17.5,2050.60623,31.24,422.18396,27.58,5347
電子–半導體,電子上游-IC-設計,瑞昱,94.2,6.86,166.3089,12.5,452.28608,9.09,856.4553,7.66,3177.78727,14.93,210.22544,17.79,2379
電子–通信網路,電子上游-半導體元件,全新,34.9,-3.7,113.66571,5.41,214.96179,12.23,493.39697,6.48,1946.64844,-3.75,126.14235,2.97,2455
化學工業,傳產-化學工業,晶呈科技,8.1,-1.44,60.21529,4.99,165.43547,65.99,243.05937,61.1,426.06783,147.05,67.43199,5.4,4768
金融保險,金融-金控,國泰金,23.2,1.71,73.30911,1.84,517.0194,10.41,1116.42245,17.63,5405.70323,24.6,125.42674,2.11,2882
電子–其他電子,電子下游-其他,鼎炫-KY,0.03483,-0.77,3.06477,1.26,22.31795,-18.84,53.29713,9.37,163.48003,182.05,5.27299,-5.45,8499
電子–電子零組件,電子上游-連接元件,詮欣,0.06623,0.16,2.31352,2.84,15.45508,66.04,17.95124,50.98,44.84284,-12.1,4.58011,-0.65,6205
電子–光電,電子中游-光學鏡片,亞光,5.17,-2.49,37.3314,-7.43,120.19434,-0.72,299.95791,-8.05,5396.29378,-12.31,67.4847,-1.44,3019
電子–其他電子,傳產-塑膠,佶優,0.05638,-1.62,3.06154,-5.36,16.51045,22.1,19.54022,18.66,70.1293,-3.53,10.57272,-3.01,5452
電子–通信網路,電子中游-通訊設備,昇達科,19.6,1.01,117.81635,4.96,290.41539,30.1,709.40732,76.7,2649.47998,100.43,165.38023,18.41,3491
電子–光電,電子中游-儀器設備工程,晶彩科,4.47,0.12,28.62674,-6.66,121.43423,-1.5,311.99826,12.5,1059.70495,81.64,63.28737,-8.36,3535
電子–電子零組件,電子上游-被動元件,華新科,18.6,4.8,84.03167,1.16,202.46845,9.17,1217.17652,33.27,1718.35179,45.22,151.99374,11.97,2492
電子–通信網路,電子中游-網通,啟碁,14.3,-3.6,57.05149,-0.47,136.18269,6.47,306.72262,-11.2,1178.77895,-14.24,96.23938,8.08,6285
其他,傳產-其他,中租-KY,9.16,1.44,39.5324,0,282.33431,3.43,536.17378,-0.47,2059.22369,-0.83,81.52298,0,5871
電子–電子通路,電子上游-IC-通路,全達,0.01086,-0.19,0.54854,1.14,8.49111,29.06,10.71663,33.58,21.27899,3.9,2.60027,-7.79,8068
鋼鐵工業,傳產-鋼鐵,大成鋼,3.73,0.69,48.67747,4.71,176.45058,-1.21,369.05158,-5.17,2791.57138,15.7,65.88479,3.09,2027
電子–電子零組件,電子上游-連接元件,良維,9.45,-2.09,48.55557,-11.59,170.21666,-10.63,900.38219,11.56,2331.57033,139.17,81.95215,-9.14,6290
電子–光電,電子中游-LCD-零組件,瑞儀,2.62,-2.02,14.86815,-0.41,103.71369,5.65,189.73018,-8.65,792.84828,-33.46,37.7759,-2.02,6176
電子–半導體,電子上游-IC-半導體設備,京鼎,2.53,-1.25,19.00313,-1.25,67.44999,-6.91,343.82453,-15.6,885.7806,-4.51,29.02195,-0.54,3413
電子–電腦及週邊設備,電子中游-磁碟陣列,普安,1.79,-2.77,23.25645,4.29,85.73813,9.15,176.53147,37.69,238.80057,5.54,31.01666,-4.39,2495
電子–電腦及週邊設備,電子下游-筆記型電腦,英業達,4.91,-0.69,23.86053,0.35,99.24135,-0.69,423.63751,-1.03,1736.84732,-8.35,47.93038,1.05,2356
電子–電子零組件,電子上游-PCB-製造,楠梓電,4.16,-3.07,18.8055,0.31,56.14215,-8.5,473.60084,0.82,1665.89593,125.06,29.19091,-4.95,2316
化學工業,傳產-化學工業,雙鍵,2.84,-1.22,26.88933,-6.56,112.59594,21.61,149.8959,170.39,151.09109,161.9,42.24632,15.24,4764
電子–電子零組件,電子上游-連接元件,嘉澤,18.4,-4.9,155.46856,6.25,263.95157,4.62,749.53547,-6.21,3562.05597,-19.79,180.55621,5.02,3533
電子–電子零組件,電子中游-散熱零組件,建準,3.87,-2.25,23.01873,-2.88,78.84092,-3.49,649.94408,4.83,1521.43303,62.17,35.85752,-5.3,2421
電機機械,傳產-其他,寶一,0.06097,-2.39,5.39769,7.12,9.31827,4.63,25.16337,-9.3,1263.80448,17.02,5.89274,6.19,8222
電子–其他電子,電子中游-儀器設備工程,洋基工程,13,1.85,48.63797,4.86,157.27685,-1.47,335.30811,30.59,1078.29262,52.35,73.98,8.24,6691
電子–其他電子,電子中游-機殼,鴻準,3.49,-1.85,20.22921,-2.99,63.39631,-8.16,335.79159,-12.56,2010.47314,-22.56,32.90695,-5.19,2354
綠能環保,傳產-綠能環保,兆聯實業,17.6,4.05,47.65647,5.91,171.19672,21.07,391.25114,33.22,856.55732,0,70.19782,11.27,6944
電子–電子零組件,電子上游-PCB-材料設備,群翊,2.83,1.36,9.89962,-1.64,56.06251,-2.76,138.14963,5.65,430.99236,37.58,21.53965,0,6664
電子–電子零組件,電子上游-連接元件,廣宇,1.56,-1.55,8.58672,-2.96,47.26852,0.42,245.49141,-11.78,2392.3828,23.35,16.54437,-4.33,2328
電子–電腦及週邊設備,電子下游-筆記型電腦,仁寶,7.46,1.81,42.33735,0.32,136.98644,2.83,684.20245,-2.98,2342.62676,-11.49,61.38707,1.64,2324
化學工業,傳產-化學工業,材料*-KY,3.96,-2.64,16.61058,-4.27,100.93893,4.98,284.00345,-14.99,2990.73103,-37.48,30.34215,-0.58,4763
鋼鐵工業,傳產-鋼鐵,長榮鋼,1.18,-0.5,5.53068,-0.5,66.02756,-11.06,134.52973,-9.87,312.31156,24.17,10.76703,4.04,2211
電子–電子零組件,電子上游-連接元件,鴻碩,0.03337,0.17,1.62,14.53,8.80479,87.03,12.32243,97.66,19.5473,10.67,3.12825,15.43,3092
航運業,傳產-航運,萬海,6,-0.88,29.66715,0.9,122.99952,0.9,782.01775,-0.75,4209.43315,7.13,45.62809,0.13,2615
電子–半導體,電子上游-IC-代工,環宇-KY,31.9,-8.15,40.844,-1.61,225.41367,22.29,733.69852,50.7,4544.68699,53.41,46.36582,-6.35,4991
電子–半導體,電子上游-IC-製造,強茂,22.8,-1.07,60.75518,5.43,188.16564,-0.36,1385.75277,-2.57,2339.55731,79.88,80.26314,4.24,2481
電子–通信網路,傳產-電線電纜,聯光通,0.07891,-3.43,6.24917,-10.62,54.46451,-23.27,161.93202,22.61,257.79144,0.69,10.22757,-13.98,4903
金融保險,金融-金控,永豐金,4.58,-0.17,26.15516,-1.03,151.22591,3.99,404.53271,10.6,1946.33913,34.3,39.23919,0.35,2890
電子–半導體,電子上游-IP/ASIC,智原,3.73,-1.76,46.87313,-2.05,113.83705,-1.76,509.9265,3.72,2569.90784,-21.14,69.89736,-1.76,3035
電子–電子零組件,電子下游-電腦周邊,群光,7.26,-0.85,31.46574,0.43,98.47296,1.75,208.35506,-11.45,1217.32963,-18.35,53.52015,-0.85,2385
塑膠工業,傳產-塑膠,台化,6.95,-4.47,36.13643,-0.64,101.35391,-2.82,386.30199,6.71,1152.51359,12.4,50.8444,-3.43,1326
金融保險,金融-金控,凱基金,7.11,0,29.07316,0.86,127.89884,3.52,361.9654,11.71,1842.71271,11.01,43.49988,2.32,2883
生技醫療,傳產-生技,保瑞,5.66,1.78,34.78231,7.53,74.57601,3.01,280.37171,-21.41,1854.83277,-20.84,44.27407,5.33,6472
電子–電腦及週邊設備,電子中游-二次電池,新普,3.23,0,15.75374,1.98,66.3663,1.99,148.80422,0.75,601.01404,-1.95,28.91889,0.56,6121
電子–通信網路,電子中游-網通,是方,0.04949,-0.42,2.60642,-2.77,15.03038,-0.14,35.47624,-7.38,102.03769,-18.2,5.01524,-6.27,6561
電子–半導體,電子上游-IC-設計,廣穎,8.05,1.63,42.13906,24.19,60.4147,43.1,117.54367,29.35,182.8496,66.95,46.79743,28.52,4973
電子–電子零組件,電子上游-PCB-材料設備,金居,4.23,-1.17,108.84309,-7.16,608.12538,-5.77,2207.71012,19.06,9236.95648,379.71,399.99329,-8.66,8358
電子–電子零組件,電子上游-連接元件,新日興,12.7,-5.13,107.30234,-0.67,194.70913,5.46,509.1902,0.45,4283.97542,21.9,142.70053,9.63,3376
電子–光電,電子中游-光學鏡片,玉晶光,3.82,-1.51,31.52039,4.35,106.7175,10.28,284.27938,7.8,1209.83747,2.52,42.7602,1.45,3406
電子–通信網路,電子下游-電信服務,遠傳,2.66,-0.22,13.27911,-0.45,72.21914,2.3,303.1005,-4.1,1350.15043,4.23,23.59899,0.57,4904
化學工業,傳產-化學工業,三晃,0.04056,0.98,2.64809,-8.01,14.57718,38.39,16.35615,23.02,47.08427,-0.64,7.2127,-6.06,1721
電子–半導體,電子上游-IC-半導體設備,華景電,13,-4.24,52.49895,-15.16,206.43269,36.77,247.8382,39.88,793.3914,58.85,64.07229,-11.39,6788
電子–半導體,電子上游-IC-設計,矽力*-KY,20.9,-3.39,192.65183,10.41,269.64516,16.92,660.12102,-2.15,2386.26046,-40.53,217.33677,19.06,6415
運動休閒,傳產-其他,寶成,5.33,-3.73,21.06371,1.97,66.20679,-0.8,187.09959,6.16,1097.67444,-9.62,33.96198,2.82,9904
電子–其他電子,電子中游-儀器設備工程,倚強科,0.09772,3.03,5.90971,4.62,20.9323,23.23,31.03877,15.43,177.31411,76.62,12.61976,-1.45,3219
電子–光電,電子下游-太陽能,國碩,22.8,9.98,40.14477,28.81,129.21038,14.26,199.44196,51.23,342.95846,127.68,46.89693,22.18,2406
電子–電子通路,電子上游-IC-通路,擎亞,2.52,-2.82,22.81958,1.38,62.20238,0.19,369.7366,11.21,1621.58402,47.94,35.14759,1.18,8096
電子–電子零組件,電子中游-金屬製品,南俊國際,2.44,-2.5,16.61725,-8.37,72.17715,-4.59,382.28785,22.83,740.65483,114.99,30.63341,-10.09,6584
電子–電子零組件,電子上游-PCB-製造,燿華,66.3,3.71,181.16209,21.18,283.6868,36.86,341.98515,29.74,759.195,19.81,202.43285,28.31,2367
電子–半導體,電子上游-IC-設計,旺玖,0.00888,-1.26,0.6403,-0.63,5.93373,9.81,7.83277,10.33,19.7786,-7.48,2.2484,-7.84,6233
電子–光電,電子中游-LCD-STN面板,正達,14.8,2.01,33.38624,17.22,56.11333,32.56,89.11858,14.86,465.37708,44.99,46.66729,29.55,3149
食品工業,傳產-食品,統一,9.13,0.66,53.8963,-0.13,287.13094,1.6,518.48135,-1.93,2232.03966,0.21,79.10008,-1.3,1216
電子–其他電子,電子中游-EMS,金寶,57.8,9.98,111.59815,18.49,179.60838,19.01,449.83799,25.51,887.56385,15.9,123.32252,22.99,2312
電子–光電,電子上游-LED照明及光元件,立碁,1.92,-3.18,10.77977,-2.33,48.68533,-3.18,437.83174,25.23,1332.76884,32.88,17.95324,-8.47,8111
生技醫療,傳產-生技,合一,5.86,3.77,28.90077,22.6,45.48512,23.66,113.01137,13.83,550.39434,-10.16,33.81284,28.78,4743
電子–通信網路,電子中游-通訊設備,統新,0.09732,-4.89,4.31936,-6.62,95.24036,-10.26,119.42311,22.55,170.34892,14.98,10.72216,-10.62,6426
電子–其他電子,電子上游-PCB-材料設備,達航科技,0.0382,-3.84,2.56078,-6,28.44578,-11.17,88.29929,50.68,122.88373,93.06,4.37418,-14.36,4577
電子–半導體,電子上游-晶圓材料,IET-KY,19.3,-5.34,87.09551,-2.01,343.05574,8.33,703.73783,98.98,1641.48692,232.01,95.81433,-5.65,4971
電子–半導體,電子上游-IC-設計,點序,8.39,4.98,42.35815,13.69,72.93895,52.24,125.08842,22.67,251.63996,141.25,59.32787,34.74,6485
電子–電子通路,電子上游-IC-通路,聯強,4.53,0.78,30.58816,5.89,112.33885,7.83,326.63868,8.92,956.54569,-3.3,48.59194,11.74,2347
電子–半導體,電子上游-IC-半導體設備,辛耘,3.17,-2.02,15.63501,-5.57,50.20652,0.59,132.03021,-12.18,1056.52729,-9.16,37.95757,1.5,3583
電子–電腦及週邊設備,電子中游-主機板,青雲,0.05878,-1.09,4.56799,-4,38.86601,9.96,67.14352,22.31,112.86373,26.59,16.60121,-10.71,5386
玻璃陶瓷,傳產-玻璃陶瓷,和成,0.07435,-2.07,7.29339,7.67,11.15849,12.46,19.1808,-2.07,156.6429,15.27,7.96818,7.98,1810
汽車工業,傳產-汽車零組件,宇隆,12,10,20.84452,14.69,46.38327,29.07,116.57528,5.91,680.77216,10.95,29.21722,10.5,2233
數位雲端,電子中游-磁碟陣列,威聯通,1.24,-4.92,4.50278,-8.02,30.84309,0,30.84309,0,30.84309,0,9.93988,-18.55,7805
電子–電子零組件,電子上游-被動元件,信昌電,5.7,3.72,21.90041,0.43,105.14115,4.81,722.45219,41.38,870.88651,81.56,58.2405,3.41,6173
電子–電子零組件,電子上游-被動元件,佳邦,1.91,2.54,5.80446,0.95,26.05056,9.56,130.79091,17.94,259.2869,15.44,13.33018,3.54,6284
數位雲端,傳產-百貨,富邦媒,0.07276,-2.16,5.12806,0.25,25.31345,-5.35,59.51619,-14.32,241.86245,-35.76,9.36354,-1.93,8454
電子–半導體,電子上游-IC-封測,捷創科技,3.16,1.4,9.78776,-3.67,45.8997,0,45.8997,0,45.8997,0,23.56871,-6.47,7810
電子–電子零組件,電子上游-被動元件,九豪,3.51,1.84,21.02846,0.13,135.70898,32.31,186.32798,58.61,224.23434,53.88,54.11174,13.49,6127
建材營建,傳產-營建,中工,0.07693,-0.75,5.32857,2.7,25.41265,3.91,167.09807,25.83,286.27381,34.34,7.84729,3.91,2515
電子–半導體,電子上游-IC-封測,華東,109,4.28,350.10838,6.27,664.75028,42.86,1781.02073,227.73,1993.27081,498.16,516.31203,36.36,8110
其他,傳產-航運,晟田,2.88,1.99,15.24007,18.49,19.85261,18.49,45.51769,5.41,1205.29925,52.71,15.96407,18.2,4541
化學工業,傳產-化學工業,台特化,13,-1.86,92.75507,0.82,231.48725,19.81,482.8736,7.27,1916.04209,51.66,185.65682,16.77,4772
建材營建,傳產-營建,工信,7.62,6.52,33.97033,20.23,89.12689,40.59,128.18569,122.55,176.82032,156.37,43.96383,11.99,5521
電子–通信網路,電子中游-網通,中磊,4.38,-2.88,15.87745,0.52,44.1817,-5.6,89.84508,-21.22,642.24459,-35.38,31.48053,-2.51,5388
電子–電腦及週邊設備,電子下游-筆記型電腦,神基,3.27,-0.86,14.04924,0,60.38883,-3.75,168.39979,-17.2,1036.04405,2.13,27.79871,-1.28,3005
貿易百貨,傳產-百貨,統一超,6.27,0.22,24.85048,2.05,97.96297,-1.97,292.70529,-6.68,975.24889,-10.64,42.56945,0.9,2912
電子–光電,電子下游-太陽能,茂迪,9.72,4.25,26.75797,15.92,89.75533,25.61,104.05425,37.46,169.73405,16.21,31.64499,8.37,6244
金融保險,金融-金控,兆豐金,5.4,0.25,28.95005,-0.37,154.29661,-1.82,416.16661,-3.46,1822.76471,7.3,45.16964,1,2886
電子–其他電子,電子中游-儀器設備工程,巨漢,13.1,9.94,27.32205,21.01,124.46366,51.51,150.50788,90.03,180.35008,131.87,46.74983,16.67,6903
汽車工業,傳產-汽車,裕隆,1.13,-1.11,7.885,-1.42,52.12873,-5.86,144.40433,-3.25,333.26379,-32.21,14.17699,-5.58,2201
化學工業,傳產-化學工業,台肥,1.39,0.65,6.97131,-0.75,29.86332,-1.28,62.5323,-3.73,234.57812,-5.18,11.40386,-2.82,1722
化學工業,傳產-化學工業,長興,62.8,9.98,261.06007,17.36,363.79807,48.19,511.42161,51.4,1034.04727,124.11,326.07805,45.48,1717
電子–半導體,電子上游-IC-設計,義隆,2.22,-0.85,12.48098,0,58.40541,-7.17,131.61251,-9.34,675.64545,-15.7,18.8407,-1.69,2458
電子–其他電子,電子中游-儀器設備工程,友威科,1.34,-1.13,8.52616,-0.14,20.58536,19.69,25.55613,13.84,148.06748,-9.9,15.10653,7.21,3580
電器電纜,傳產-電線電纜,大亞,8.63,-0.38,17.10278,2.2,43.38672,1.28,148.89143,-6.94,665.03158,3.16,20.99324,4.22,1609
電子–電腦及週邊設備,電子中游-NB與手機零組件,銘異,3.29,-3.18,42.29044,1.36,137.41326,2.29,236.43654,46.29,307.10084,49.49,49.57247,5.51,3060
航運業,傳產-航運,台灣虎航,0.06299,0.45,4.46802,3.11,24.3533,-1.04,64.8198,-12.29,943.90632,-18.87,6.46889,2.95,6757
電子–通信網路,電子下游-消費電子,美律,3.21,1.47,14.23118,7.48,59.21891,3.81,154.45282,1.97,727.47976,4.12,20.59589,5.94,2439
紡織纖維,傳產-紡織纖維,儒鴻,3.37,-1.61,26.13891,2.72,66.2755,0.63,196.73825,-10.19,902.60496,-22.01,40.83136,3.12,1476
電子–電子通路,電子上游-IC-通路,利機,0.01829,0.67,0.74255,5.65,13.15886,42.75,16.46217,26.57,50.65795,5.03,1.58554,0.4,3444
生技醫療,傳產-生技,禾榮科,2.62,0.63,12.02577,2.68,54.46596,-33.11,157.41619,-38.15,302.30798,0,24.13208,-10.96,7799
電子–光電,電子中游-其他,乙盛-KY,4,1.45,14.26325,5.79,31.59584,3.96,158.12712,10.95,330.45269,44.88,17.53194,8.94,5243
電子–電子零組件,電子上游-被動元件,晶技,1.19,-0.98,7.33301,0.88,29.502,-6.4,88.0803,-11.64,348.67257,-15.83,14.61263,0.12,3042
電子–其他電子,電子上游-PCB-材料設備,聯策,0.02123,-2.65,1.3818,-3.84,9.04616,13.61,12.39988,-5.49,268.24076,-16.41,3.09624,-5.97,6658
電子–通信網路,電子上游-被動元件,璟德,7.45,7.07,13.17825,17.25,47.38533,36.48,53.53647,48.66,97.83775,8.03,17.50854,13.27,3152
電子–光電,電子中游-LCD-TFT面板,彩晶,3.33,-6.2,60.65119,3.52,81.91466,37.41,96.03558,29.91,173.89253,25.03,70.2399,28.08,6116
化學工業,傳產-化學工業,中華化,10.6,2.87,37.37025,-0.62,118.68737,25.58,199.04693,29.45,375.36901,69,67.46145,11.53,1727
生技醫療,傳產-生技,東洋,0.03598,-0.12,2.0727,1.98,9.36874,0.12,36.47007,0.37,127.78713,15.48,3.42742,0.98,4105
電子–半導體,電子上游-晶圓材料,合晶,10.2,0.42,48.43136,7.78,116.95471,24.14,237.89321,13.92,527.06009,49.38,71.36266,16.88,6182
電子–電子通路,電子上游-半導體元件,崇越,3.9,0.99,10.86916,1.49,37.30999,0.49,138.88949,-6.4,454.34156,13.03,16.88341,5.5,5434
橡膠工業,傳產-橡膠,正新,3.09,-0.66,26.35459,3.41,61.71704,-1.78,168.28786,-11.66,639.94459,-35.37,32.12066,2.71,2105
電子–半導體,電子上游-IC-封測,同欣電,3.19,0.79,17.20221,-2.3,89.36083,1.19,191.92184,15.38,462.07699,5.75,27.94442,-4.49,6271
電子–光電,電子中游-LCD-零組件,華宏,2.82,6.65,8.1457,7.04,15.62264,35.28,17.69903,25.82,51.94631,16.3,12.86861,19.84,8240
電子–半導體,電子上游-IC-代工,宏捷科,4.91,-1.3,22.92416,7.08,62.05213,10.73,185.02175,3.18,603.21919,13.56,29.05691,6.57,8086
電子–光電,電子上游-LED照明及光元件,冠西電,1.17,-0.3,6.56672,-2.22,25.86133,0.92,48.7371,18.49,247.0636,-3.79,9.62461,-0.6,2466
電子–通信網路,電子上游-LED照明及光元件,萊德光電-KY,0.0854,1.34,3.79522,6.79,34.08807,42.15,63.09396,0,63.09396,0,5.86983,15.53,7717
電子–電子通路,電子中游-儀器設備工程,蔚華科,0.03059,0.54,2.14762,-0.27,17.52686,-7.04,37.7358,23.79,97.95433,11.67,4.01745,-5.01,3055
運動休閒,傳產-其他,鈺齊-KY,0.08929,-0.98,5.57241,0.5,17.1942,-6.88,103.75011,-3.33,510.01514,-10.87,8.17535,-0.49,9802
電子–半導體,電子上游-IC-設計,宏觀,1.3,-4.35,6.92254,9.09,19.17141,28.78,21.66835,15.79,91.95225,-5.23,7.87678,1.54,6568
電子–電腦及週邊設備,電子下游-顯示器,佳世達,1.39,0.41,7.66499,2.93,37.68808,-8.72,83.98154,-20.39,373.68949,-32.88,13.71007,4.68,2352
電子–半導體,電子上游-IC-設計,沛亨,1.78,-2.97,5.01154,-2.97,46.94725,0.28,114.9287,26.86,228.79731,114.51,9.63009,-8.18,6291
電子–其他電子,電子上游-連接元件,匯鑽科,3.23,-3.27,23.36111,-6.46,96.7533,17.94,117.45947,89.03,161.75088,29.14,47.86533,5.19,8431
電機機械,傳產-電機,東台,4.28,5.45,6.87962,5.78,19.60132,16.12,44.16191,0.3,450.40042,16.72,10.19804,6.78,4526
電子–半導體,電子上游-IC-設計,威盛,4,-0.39,10.32056,1.18,45.73516,-19.5,156.45523,-6.86,600.39708,-43.05,14.8487,-0.96,2388
電子–資訊服務,軟體-系統整合,零壹,1.01,0,5.22987,-0.45,17.99266,0,57.38224,-1.78,1260.78531,-7.75,8.28828,-2.21,3029
電子–其他電子,電子中游-其他,竹陞科技,3.8,3.79,12.94799,-3.9,62.76624,-6.57,237.84467,-11.38,867.30832,273.15,28.62372,-0.94,6739
運動休閒,傳產-其他,志強-KY,0.07941,-3.74,5.42176,0.49,15.50038,-11.21,54.92593,-13.08,447.95832,-12.5,8.86997,-2.37,6768
綠能環保,傳產-綠能環保,昶昕,0.0178,0.19,1.51253,6.12,11.35783,75.38,12.22871,65.61,24.11345,79.56,7.83556,24.11,8438
電子–電子零組件,電子上游-PCB-材料設備,川寶,0.00554,-0.88,0.32227,-0.13,4.16314,5.78,5.82836,6.5,35.66495,-11.49,1.1162,-8.81,1595
電子–半導體,電子上游-IC-設計,神盾,0.09461,-3.4,7.25075,-0.44,30.02352,-10.98,230.33054,-13.36,899.62758,-27.01,12.55047,-5.81,6462
化學工業,傳產-化學工業,南寶,1.33,0.16,5.91866,1.1,20.89978,-0.16,71.72054,-14.06,607.32151,5.95,9.89828,2.07,4766
電子–半導體,電子上游-IC-封測,頎邦,3.49,1.27,12.73147,3.7,35.10081,5.26,100.40216,-1.75,415.23826,-4.84,20.91812,3.9,6147
電子–電子零組件,電子下游-電腦周邊,致伸,1.64,-0.5,14.1229,2.05,48.25183,0.89,141.43366,4.33,464.42955,4.83,24.59273,3.65,4915
電子–電子零組件,電子上游-被動元件,臺慶科,4.56,3.13,26.30581,-1.79,69.10277,7.84,267.9945,22.22,349.2017,54.18,55.99155,12.63,3357
電子–半導體,電子上游-IC-封測,典範,0.0676,-5.83,4.85369,5.83,14.09517,11.79,24.38805,12.08,37.59454,55.71,6.30402,1.16,3372
電子–電子零組件,電子下游-資訊通路,好德,0.00184,0.19,0.1708,-1.51,2.21463,3.78,3.1665,1.56,6.75773,8.8,0.46363,-3.33,3114
電子–光電,電子下游-太陽能,聯合再生,2.71,4.49,11.52306,15.33,40.13026,38.92,57.00707,56.73,112.33154,-0.91,14.04494,13.59,3576
電機機械,電子上游-IC-其他,易發,0.03421,0.37,2.03733,-4.54,23.80572,-4.65,58.69315,20.23,140.15012,28.99,4.89939,-3.64,6425
電子–電腦及週邊設備,電子下游-工業電腦,研華,4.95,-0.35,22.96951,-0.35,84.13167,2.5,324.909,-12.1,1526.65369,-19.26,36.49848,-0.35,2395
汽車工業,傳產-汽車,吉茂,0.08572,-3.47,5.32333,-2.91,33.29732,14.81,53.51998,18.62,89.89906,47.23,8.25231,1.21,1587
電子–半導體,電子上游-IC-設計,天鈺,1.02,-0.68,15.54763,-1.35,43.67117,6.93,77.778,-8.15,276.51604,-30.51,23.62022,2.09,4961
食品工業,傳產-食品,卜蜂,9.08,7.45,16.69907,13.48,78.07653,5.21,169.92252,7.83,358.6963,71.13,20.02904,15.21,1215
電子–其他電子,電子中游-儀器設備工程,信紘科,5.23,-0.19,13.2447,2.5,42.67117,-2.2,101.31951,-0.19,753.02653,63.06,20.03386,-0.19,6667
電子–半導體,電子上游-IC-代工,全訊,1.16,1.89,4.52442,3.85,13.76474,5.47,48.45102,-13.46,259.84781,37.36,6.44572,4.65,5222
電機機械,傳產-電機,中興電,6.17,0.68,23.54048,0,78.14996,-3.61,387.87447,-7.26,2142.01932,2.47,32.80415,-1.67,1513
電子–電子零組件,電子上游-被動元件,金山電,4.42,1.75,45.95986,2.4,106.72536,16.15,348.52987,61.21,405.52062,87.68,74.04364,19.4,8042
綠能環保,傳產-綠能環保,上緯投控,2.11,-4.18,9.48535,3.15,28.66069,10.1,113.02646,2.23,686.0743,39.53,12.32614,3.15,3708
電子–電腦及週邊設備,電子中游-主機板,華擎,3.07,-1.68,15.21378,-3.31,39.78394,-7.33,178.56914,-19.45,740.67941,9.22,20.80726,-5.65,3515
電子–光電,電子上游-PCB-材料設備,達興材料,5.98,3.65,30.80956,0,98.27934,6.96,216.87628,-1.6,1147.83195,80.9,70.88476,6.34,5234
電子–電子零組件,電子上游-PCB-製造,博智,4.3,-4,24.90717,6.51,52.53844,3.45,199.96286,9.09,760.13327,76,28.90651,7.14,8155
電子–通信網路,傳產-電線電纜,萬泰科,6.77,-1.9,35.71749,3.27,94.84509,13.05,156.29721,18.09,570.8708,57.75,44.68109,11.63,6190
其他,傳產-鋼鐵,統一實,1.05,1.61,4.93851,6.18,21.43983,3.85,49.9532,4.71,191.99344,32.82,6.46705,6.18,9907
電機機械,傳產-電機,上銀,6.18,-1.22,29.44302,3.05,69.20352,-0.25,293.79593,-3.33,3110.66448,-30.37,41.0766,4.64,2049
電子–光電,電子中游-機殼,能率,0.09905,-2.33,7.28436,-5.71,33.97637,-0.54,174.70725,-3.95,842.17903,54.93,15.81556,-3.04,5392
金融保險,金融-保險,三商壽,0.06551,-0.13,4.71486,-2.89,30.56132,-0.64,107.79121,25.28,206.88681,23.48,8.43743,-3.38,2867
電子–光電,電子上游-LED照明及光元件,銘旺科,0.03352,-2.74,2.00017,-3.12,10.39675,-7.57,46.19393,-35.78,784.84362,161.86,3.01994,-7.11,2429
電子–電子零組件,電子上游-被動元件,凱美,4.66,1.7,18.9396,0.63,59.27958,2.47,644.50622,21.19,946.31103,57.98,39.64509,4.95,2375
電子–電子零組件,電子上游-被動元件,立隆電,10,6.76,26.78059,5.33,93.3151,10.75,484.15266,36.05,976.89019,47.19,66.50006,10.75,2472
電子–電子零組件,電子上游-連接元件,信邦,2.23,0.26,14.75532,-0.77,47.87534,-10.98,161.01766,-13.56,936.56483,-19.82,23.04962,1.04,3023
電子–半導體,電子上游-IC-封測,菱生,8.02,1.92,43.77512,9.48,82.63075,13.22,165.05841,27.95,242.52315,60.81,54.28462,16.96,2369
電子–電子通路,電子上游-IC-通路,益登,2.35,-1.92,13.57594,-6.83,81.62386,1.36,210.81153,13.28,350.76158,44.96,56.78044,-1.44,3048
電子–電子零組件,電子上游-被動元件,鈞寶,2.79,2.87,19.86736,1.93,72.06963,21.11,147.95158,114.07,155.3501,118.74,37.39426,13.96,6155
電子–半導體,電子上游-IC-封測,久元,0.04906,-1.96,4.24053,0.43,8.37693,5.26,14.83461,19.42,36.29927,24.2,5.57682,3.39,6261
電子–電腦及週邊設備,電子中游-PC介面卡,圓剛,0.02818,-1.13,2.08248,-3.91,10.67583,5.35,15.93237,-2.6,199.10008,-17.05,4.35957,1.29,2417
電子–半導體,電子上游-IC-設計,原相,3.62,-0.72,13.80075,-1.42,47.53156,2.21,188.46388,-11.68,1840.9308,-8.96,27.14551,2.72,3227
電子–通信網路,電子上游-半導體元件,聯亞,56.2,-2.08,114.51279,8.21,383.52865,7.68,999.70059,63.52,3353.89472,42.85,128.04722,7.5,3081
航運業,傳產-航運,慧洋-KY,2.37,-0.84,21.14497,7.24,57.38712,9.72,261.60445,9.89,1409.13273,21.79,25.7246,4.71,2637
電子–電子通路,電子上游-IC-通路,華立,1.69,1.37,6.43262,1.37,32.88117,-6.72,95.47751,20.26,242.48335,3.35,10.6423,3.26,3010
電子–半導體,電子上游-IC-設計,瑞鼎,1.1,-0.68,10.16078,0.68,63.1413,0.68,114.34525,-13.87,290.25304,-40.28,18.74529,-3.29,3592
金融保險,金融-銀行,台中銀,1.3,0,8.52602,0.24,40.01358,-1.88,99.58189,-5.87,390.36,20.73,12.95152,0.24,2812
綠能環保,電子中游-儀器設備工程,世禾,12.8,2.43,30.12541,2.43,98.5711,-2.76,198.12811,18.21,717.86008,47.09,51.59932,6.03,3551
航運業,傳產-航運,新興,4.69,-4.84,21.15164,7,51.42927,7.84,175.35195,7.42,379.67717,16.13,24.63322,5.57,2605
電子–電子零組件,電子中游-二次電池,長園科,2.85,-6.19,11.91927,9.2,19.94702,29.08,40.84184,14.23,127.93095,111.63,13.75864,14.11,8038
其他,傳產-其他,裕融,1.42,-0.87,7.20404,-2.91,34.41771,-13.69,66.54392,-18.93,221.82387,-22.64,13.95002,-6.43,9941
電子–電子零組件,電子上游-連接元件,金橋,0.05125,0.47,2.21183,5.65,20.15122,6.44,33.02024,26.84,62.38211,20.45,3.36522,3.37,6133
鋼鐵工業,傳產-鋼鐵,沛波,0.00264,0,0.20934,0.24,1.76523,12.43,2.66454,4.94,12.86009,-14.66,0.45989,-0.93,6248
航運業,傳產-航運,裕民,2.97,-1.94,21.14477,3.06,87.83005,2.71,301.39306,6.68,1511.55934,11.7,30.41047,0.5,2606
電子–半導體,電子上游-IC-設計,創惟,4.61,-5.53,26.73466,12.27,51.25714,7.67,98.49128,-7.66,1020.23469,-37.39,29.40788,9.51,6104
其他,傳產-其他,能率亞洲,0.01896,0,0.98769,-3.51,7.55699,0,7.55699,0,7.55699,0,2.28103,-9.67,7777
電子–電腦及週邊設備,電子中游-主機板,映泰,2.11,-3.14,8.58664,2.54,42.11583,7.38,114.24429,18.55,197.99398,3.56,18.7142,0.19,2399
電子–半導體,電子上游-IC-封測,訊芯-KY,1.2,-3.57,5.77745,-5.11,34.18803,-15.63,128.07566,3.85,712.67851,-41.39,11.442,-10.54,6451
航運業,傳產-航運,台船,1.79,2.18,5.63322,6.3,13.97153,5.24,68.88625,-5.38,413.99757,43.54,7.31631,5.5,2208
電子–半導體,電子上游-IC-導線架,順德,0.05962,-0.81,4.11415,-3.17,13.02197,-6.63,91.03002,-16.25,348.34883,-14.09,6.59915,-5.67,2351
生技醫療,傳產-生技,訊聯,1.17,2.21,3.94473,10.53,19.23202,13.79,49.67773,42.24,90.99793,42.96,5.77813,11.59,1784
電子–電腦及週邊設備,電子中游-機殼,營邦,13,-3.17,53.83724,24.28,75.0156,39.69,191.93432,41.86,539.23048,17.76,59.78924,30.95,3693
電子–半導體,電子上游-IC-製造,德微,0.0281,0.36,1.79964,3.33,7.59164,7.72,60.22901,-14.15,211.43195,-29.06,3.34312,4.49,3675
電子–電子通路,電子上游-IC-導線架,長華*,2.05,-0.95,10.53911,5.78,34.557,2.73,109.67209,4.64,457.16112,17.48,14.84767,7.48,8070
電機機械,傳產-電機,亞力,4.64,0,12.68659,2.38,59.45291,-1.98,254.00262,-3.88,1168.67862,7.56,17.45297,-0.5,1514
電子–其他電子,電子下游-其他,所羅門,1.19,-2.29,13.83437,-6.91,48.43656,-0.39,177.58985,-2.66,1601.93648,-11.96,36.08986,1.99,2359
建材營建,傳產-營建,冠德,0.04915,-0.15,3.56406,5,43.59027,3.38,64.1022,-0.74,353.00747,-20.08,7.31489,-0.44,2520
電子–半導體,電子上游-晶圓材料,漢磊,3.81,-2.12,29.42012,0,86.72322,12.63,238.05822,-8.6,957.76066,28.6,62.20532,6.76,3707
鋼鐵工業,傳產-鋼鐵,世紀鋼,1.61,-1.08,9.45633,-3.17,29.25833,-0.72,103.33533,-18.15,1609.94448,-9.34,18.72682,-1.43,9958
電子–電子零組件,電子中游-電源供應器,僑威,0.09194,-0.78,6.95209,-7.38,21.82894,-7.25,55.38448,-15.01,1018.06116,-14.05,10.17559,-8.31,3078
建材營建,傳產-營建,皇昌,0.08205,0.16,7.15811,-3.66,30.40559,1.44,100.5997,-14.34,1501.08488,-3.08,18.73243,5.16,2543
運動休閒,傳產-高爾夫球,復盛應用,2.83,2.57,8.29822,8.98,32.96779,6.69,63.73475,11.6,471.50822,-8.61,11.30245,9.2,6670
化學工業,傳產-化學工業,康普,1.19,1.26,6.26041,4.94,14.57921,5.4,44.22987,6.8,155.12577,39.68,8.24169,10.74,4739
電子–半導體,電子上游-IC-半導體設備,公準,0.0078,-1.82,0.57627,-2.3,4.32708,24.92,5.05476,2.77,18.78789,-4.64,0.98914,-2.3,3178
電子–其他電子,傳產-其他,旭暉應材,0.01044,-2.09,0.70802,-4.93,3.37458,13.1,5.29338,-7.08,29.51367,-3.53,2.14237,6.32,6698
電子–其他電子,電子上游-IC-其他,汎銓,2.85,-5.29,11.35864,-0.56,35.32377,7.19,52.97507,8.81,251.00399,4.06,18.76214,2.87,6830
汽車工業,傳產-汽車,和泰車,2.19,0.19,9.00328,-1.1,54.1061,-9.08,113.38097,-5.58,426.90227,-6.48,14.69706,-1.64,2207
金融保險,金融-銀行,彰銀,3.6,-0.73,17.75475,-0.49,103.10653,-1.45,268.60767,0,997.67989,22.08,52.98982,-0.24,2801
運動休閒,傳產-其他,豐泰,1.31,0,9.77899,-2.35,30.51,-15.45,73.08149,-21.51,305.02344,-16.17,16.10077,-10.73,9910
電子–電子零組件,電子上游-PCB-材料設備,亞泰金屬,1.21,-3.06,3.81022,1.75,21.60599,-10.28,58.27888,-7.43,150.93205,127.6,9.39267,-2.79,6727
紡織纖維,傳產-紡織纖維,聚陽,4.05,-1.75,28.47302,5.66,95.25138,3.18,251.33873,6.94,1164.38765,-4.54,38.75775,6.76,1477
汽車工業,傳產-汽車零組件,東陽,3.16,2.03,10.94748,0.63,55.30229,6.45,176.45306,4.36,984.89023,-12.15,16.47304,-1.34,1319
電子–電子零組件,電子上游-被動元件,千如,2.75,4.15,12.29028,6.01,58.6897,20.26,152.52297,72.75,168.76346,71.75,27.36838,15.58,3236
電子–電子零組件,電子上游-連接元件,瀚荃,2.52,-3.65,25.16163,-0.22,60.29507,-1.91,194.34406,26.96,304.66606,75.79,34.23914,7.81,8103
鋼鐵工業,傳產-鋼鐵,中鴻,1.16,0.3,15.91425,5.7,30.7888,9.87,52.99678,6.37,405.59259,-5.65,17.87887,6.03,2014
油電燃氣,傳產-塑膠,台塑化,3,-2.57,15.78402,0.85,47.36555,-3.07,249.49116,10.26,787.57741,32.12,22.13937,-1.05,6505
電子–光電,電子中游-LCD-TFT面板,州巧,1.65,-1.86,10.62141,6.4,27.74964,0,139.17231,23.01,298.75983,102.25,12.33622,7.54,3543
電子–其他電子,電子中游-變壓器與UPS,碩天,0.04197,-1.29,7.04423,-8.35,20.98328,-3.52,59.50227,-19.67,319.6129,-42.36,10.61121,-9.22,3617
化學工業,電子上游-PCB-材料設備,上品,2.92,1.78,11.47791,6.17,26.3121,10.73,54.147,-1.34,622.02063,-6.72,17.31372,11.69,4770
汽車工業,傳產-汽車零組件,帝寶,0.0924,2.15,3.52524,5.56,21.35306,2.52,61.30284,10.04,230.94003,-31.12,6.00356,2.15,6605
電子–電子零組件,電子上游-PCB-製造,騰輝電子-KY,1.59,-1.71,5.38034,2.23,21.42197,5.03,44.44624,1.77,461.46944,23.22,8.44881,-0.86,6672
汽車工業,傳產-汽車零組件,為升,0.03856,-1.74,3.37774,4.68,10.49912,3.44,60.98127,-19.5,300.68572,-1.38,4.42966,3.55,2231
電子–電子零組件,電子中游-電源供應器,華容,1.17,0.94,5.96706,2.39,29.45105,1.66,169.02325,34.17,221.9613,41.44,12.04612,3.88,5328
金融保險,金融-金控,華南金,3.82,-0.31,12.98846,1.27,146.08477,3.39,279.02206,7.38,973.16452,22.75,22.64536,3.23,2880
居家生活,傳產-其他,億豐,1.59,0,12.0694,6.06,52.8403,2.2,191.97334,-1.62,785.66164,-6.61,19.60955,9.14,8464
電子–半導體,電子上游-晶圓材料,台勝科,18.4,3.72,74.36647,15.67,109.39811,29.92,203.89324,24.88,465.66146,44.37,87.80808,31.97,3532
電子–電子零組件,電子上游-連接元件,鉅祥,1.43,-0.98,8.72015,1.34,25.44551,1.91,88.8571,-9.95,610.6777,14.89,14.8642,4.5,2476
電子–半導體,電子上游-IC-設計,類比科,0.00697,-1.69,0.55839,-8.7,3.80041,-1.69,10.23545,16.8,19.54985,-10.7,1.67448,-6.25,3438
其他,傳產-其他,天品,2.97,2.61,6.39522,8.76,10.35899,24.21,16.84458,25.53,96.26346,-7.81,7.26337,9.26,6199
其他,傳產-營建,潤泰新,1.73,0.51,9.18041,-0.51,39.19114,-1.17,94.02927,-1.01,513.07332,-26.29,19.15616,-0.84,9945
建材營建,傳產-營建,華固,1.47,-1.72,4.59924,0.44,41.68015,10.14,70.09164,12.32,284.17068,17.3,7.28773,-2.15,2548
水泥工業,傳產-水泥,亞泥,2.09,0.27,11.61269,1.48,112.11807,-0.27,189.45979,3.16,807.65771,-2.72,34.43314,1.08,1102
其他,傳產-水泥,國統,0.08223,-1.83,3.29659,-0.93,13.0615,-6.96,87.12198,-0.43,294.13344,10.26,5.22981,-3.43,8936
生技醫療,傳產-生技,晶碩,0.06721,-1.39,3.785,1.07,13.64634,-1.74,58.16497,-7.52,209.0865,-18.47,5.90946,-0.7,6491
建材營建,傳產-營建,國產,0.06914,-1.05,4.26576,1.35,37.817,5.47,66.07629,9.94,349.24083,-7.78,9.04119,-0.79,2504
運動休閒,傳產-其他,波力-KY,0.014,-0.58,0.90678,-0.86,6.83079,20.58,10.64148,12.78,85.9889,-33.99,1.96252,-4.44,8467
建材營建,傳產-營建,興富發,1.59,-0.76,8.05589,1.16,42.97927,5.49,103.37354,1.94,482.821,2.98,12.67063,-1.99,2542
電子–電子零組件,電子上游-連接元件,宏致,1.02,-0.32,4.86827,-1.59,21.39785,0.16,71.88163,-9.62,934.18226,33.65,11.55499,-0.32,3605
電子–半導體,電子上游-IC-半導體設備,雍智科技,3.28,3.19,11.73823,0.25,46.47057,-6.91,177.8476,2.67,682.97219,-19.01,18.74221,-2.77,6683
電子–電子零組件,電子上游-連接元件,佳必琪,2.12,-1.68,15.9576,-2.33,52.54389,12.69,126.25016,-11.75,692.82411,14.36,38.52586,5.4,6197
電機機械,傳產-電機,亞德客-KY,3.66,2.27,29.56214,2.27,86.83256,1.95,371.70855,9.86,1832.94724,19.7,44.4255,6.67,1590
電子–其他電子,電子下游-其他,達明,2.14,-1.28,8.96672,2.06,23.89931,6.44,99.4776,-13.25,187.41073,0,13.93335,2.66,4585
金融保險,金融-證券,群益證,3.43,1.31,24.92357,9.09,65.97291,8.87,114.42362,9.09,410.86967,13.35,32.82614,12.73,6005
電子–半導體,電子上游-IC-半導體設備,均豪,8.83,-1.02,28.68682,-1.83,63.79787,7.69,118.37378,-6.67,1040.11306,-4.89,55.75314,12.98,5443
鋼鐵工業,傳產-鋼鐵,允強,0.02903,-0.71,3.32871,3.69,9.9787,4.73,21.18937,6.05,164.68431,14.71,4.54137,-1.64,2034
綠能環保,電子下游-太陽能,泓德能源,1.33,5.13,3.34727,6.52,12.51698,9.42,50.24998,-24.28,473.38044,-36.5,4.62885,5.88,6873
電子–電子零組件,電子上游-被動元件,立敦,1.93,2.62,7.32888,0.74,52.95531,2.62,224.85157,39.62,333.51254,59.49,24.02471,6.41,6175
電子–電子零組件,電子中游-機殼,偉訓,0.07986,-3.65,2.45712,-5.94,8.61308,-9.52,72.21093,-21.22,832.77489,-12.53,3.83594,-7.76,3032
塑膠工業,傳產-塑膠,中石化,1.34,-0.49,9.87116,2.8,27.20637,3.73,203.98667,11.77,351.19976,11.46,14.21986,3.86,1314
電子–光電,電子下游-數位相機,華晶科,1.4,-1.52,5.86441,-4.99,16.58842,-6.36,86.21338,-19.17,1172.12761,10.83,8.92392,-3.35,3059
電子–電腦及週邊設備,電子中游-NB與手機零組件,加百裕,0.05599,-1.65,3.8581,-3.48,49.42959,-1.77,133.64554,-5.93,849.53635,10.78,7.63911,-3.12,3323
航運業,傳產-航運,星宇航空,1.2,-0.43,4.92001,0.65,16.73091,-0.64,52.71272,-5.87,325.01828,-14.21,7.77099,-1.48,2646
電子–光電,電子下游-太陽能,碩禾,1.32,2.37,3.60475,14.89,16.22146,9.64,21.79014,19.67,84.2392,22.21,4.63632,7.6,3691
電子–半導體,電子上游-IC-設計,矽統,2.34,-0.1,17.94744,5.48,31.00311,2.29,131.01575,-13.64,834.24918,-20.17,21.51562,5.26,2363
電子–半導體,電子上游-IC-半導體設備,均華,11.8,1.24,46.07337,18.12,77.46225,28.96,131.4818,23.11,705.89992,49.04,68.48849,29.16,6640
汽車工業,傳產-汽車零組件,劍麟,0.05301,-0.94,8.02708,0,37.82514,-2.31,95.98471,8.32,316.44268,25.4,11.96817,0,2228
電子–電子零組件,電子中游-電源供應器,飛宏,1.41,-0.36,5.76871,0,27.32192,-7.28,141.66324,-3.45,249.37996,-18.25,9.29487,-1.75,2457
化學工業,傳產-化學工業,永光,5.03,1.14,21.44807,2.31,43.9735,22.1,61.07142,15.71,190.63739,8.17,35.48942,15.4,1711
電機機械,傳產-自行車,精確,1.15,0.5,5.92084,-0.5,23.95553,-2.76,191.35189,12.17,612.07313,51.26,12.78902,3.28,3162
綠能環保,電子下游-太陽能,雲豹能源,3.14,3.88,5.59382,4.22,15.26524,4.22,55.21933,-22.34,508.65606,-36.79,7.28685,5.36,6869
鋼鐵工業,傳產-鋼鐵,榮剛,1.12,0.3,5.11751,4.55,15.44517,6.05,45.50543,-7.24,296.38279,-24.3,6.75353,3.74,5009
其他,傳產-其他,中鼎,1.67,1.24,5.15157,5,15.17679,2.2,64.64646,4.16,378.11378,-6.3,7.28443,5.34,9933
電子–通信網路,電子中游-網通,正文,1.39,1.1,4.50596,1.29,24.0246,-1.25,67.94092,0.92,159.22023,-7.8,6.19444,2.61,4906
電子–通信網路,電子中游-網通,光環,0.06238,-3.13,2.61103,-4.52,21.39139,-3.56,51.72955,35.26,133.47153,-6.57,6.78783,-9.21,3234
電子–電子零組件,電子上游-連接元件,正崴,1.68,1.84,4.52629,6.17,11.13381,2.65,51.68933,-20.45,384.85847,-40.26,6.38849,4.88,2392
電子–其他電子,電子中游-儀器設備工程,漢科,10.5,1.43,25.48078,2.54,69.09418,11.42,90.36433,8.43,253.9667,43.29,50.8287,5.2,3402
電子–半導體,電子上游-IC-設計,立積,1.41,-3.53,6.09581,-1.99,17.74167,-7.87,136.47332,-19.34,889.23184,-33.55,9.30628,-2.38,4968
電子–電腦及週邊設備,電子中游-主機板,精英,8.45,9.85,13.39839,13.17,46.01513,4.17,74.26083,24.76,148.2353,24.47,16.21137,18.28,2331
生技醫療,傳產-生技,順藥,0.02633,-0.82,2.04049,-1.09,7.48947,-3.98,58.99106,-37.26,226.56202,-31.31,3.38914,-6.94,6535
貿易百貨,傳產-百貨,遠百,1.28,-2.68,3.41626,0.23,21.85683,-4.8,52.23123,1.63,168.66321,7.18,5.20878,-0.91,2903
運動休閒,傳產-其他,來億-KY,2.34,-1.37,9.10475,7.23,40.0399,-4.36,214.44113,6.11,1004.79676,-47.88,15.85508,0.6,6890
生技醫療,傳產-生技,太景*-KY,0.09795,-1.37,8.99131,3.21,22.50371,14.23,31.27563,73.47,48.44049,35.05,11.08449,7.84,4157
橡膠工業,傳產-橡膠,國際中橡,0.06384,1.76,1.88527,3.59,7.47664,1.76,21.45997,8.45,57.62933,-7.6,2.90859,0.43,2104
電子–電腦及週邊設備,電子下游-商業自動化,飛捷,0.06177,-0.64,3.17123,3.42,15.10623,4.34,47.76931,-12.84,1075.40129,7.17,5.63165,2.07,6206
電子–半導體,電子上游-IC-設計,奕力-KY,0.06298,-1.05,3.78406,-0.92,14.33821,-5.5,77.21316,-14.48,670.47912,-22.29,7.21848,-3.32,6962
電子–電腦及週邊設備,電子下游-工業電腦,樺漢,2.92,-1.7,13.57792,1.94,49.54617,-2.04,121.65704,-1.54,516.47967,6.58,18.81705,0.7,6414
汽車工業,傳產-汽車零組件,和大,0.09191,-0.18,6.24112,-4.75,17.26585,-9.38,57.11234,-8.77,1296.66337,-11.24,10.13897,-3.05,1536
電子–資訊服務,軟體-系統整合,精誠,0.06867,-1.27,3.69904,1.3,25.64348,-3.7,81.59463,-10.69,468.45832,-4.76,7.12137,-0.85,6214
電子–光電,電子中游-其他,熒茂,0.01646,-1.48,1.02108,-9.32,9.45361,13.35,11.243,4.71,59.99624,0.34,2.96946,-2.91,4729
汽車工業,傳產-汽車零組件,百達-KY,0.03855,-2.18,2.67498,-4.27,10.35877,-3.86,37.94723,25.84,114.71926,2.91,5.13564,-3.45,2236
其他,傳產-紡織纖維,百和,0.09989,-0.37,4.69786,5.1,15.44389,1.13,44.05706,-8.69,259.24481,-15.82,7.71973,6.14,9938
電子–通信網路,電子中游-網通,智易,2.04,-3.95,6.66509,-4.49,19.74122,-6.85,78.35958,-18.66,677.93525,-1.85,11.23424,-2.3,3596
其他,傳產-塑膠,宏全,2.23,-0.85,6.59751,-0.43,22.25881,0.43,75.4338,-8.63,372.84206,-20.74,11.30703,-3.72,9939
電子–半導體,電子上游-IP/ASIC,M31,2.83,-2.18,33.67296,3.65,57.91696,5.85,163.15234,-0.82,923.8608,-32.09,43.66629,12.86,6643
電子–通信網路,電子中游-通訊設備,星通,3.06,-0.8,17.47896,15.35,41.32532,20,62.81967,62.45,111.33255,17.04,19.83845,16.25,3025
運動休閒,傳產-運動休閒,喬山,2.09,2.01,9.25829,5.54,20.40827,-3.48,60.51965,-5.57,439.32197,-18.9,11.92406,0.99,1736
電機機械,傳產-電機,台灣精銳,4.87,2.57,21.586,12.01,35.24712,6.53,116.93419,18.87,1329.77341,-7.45,26.14543,10.12,4583
電子–光電,電子下游-安全監控,昇銳,0.01021,-1.92,0.89008,-1.4,4.84191,6.83,8.27181,-6.17,335.41455,10.05,1.36621,-5.7,3128
電子–電子零組件,電子上游-連接元件,優群,3.57,2.8,7.70588,5.75,19.52107,1.53,120.49896,-7.02,358.12131,22.87,10.61397,4.09,3217
電子–電腦及週邊設備,電子下游-筆記型電腦,藍天,0.01195,-0.39,1.14371,-0.39,4.89153,-6.4,15.92391,-3.43,107.54262,-19.95,1.73074,-1.68,2362
電子–電腦及週邊設備,電子下游-電腦周邊,昆盈,0.06593,-1.83,4.13628,-3.33,12.90843,-2.93,61.7243,-11,737.79341,-16.47,7.65205,0.58,2365
塑膠工業,傳產-塑膠,台苯,0.01654,0.46,1.25417,1.15,3.59646,0.23,8.00329,1.5,23.77562,-11.75,1.64754,-0.79,1310
電子–半導體,電子上游-晶圓材料,嘉晶,1.44,-0.86,18.82769,1.58,45.24667,13.56,134.62331,4.33,376.84494,37.72,31.39858,13.11,3016
