group,sub,symbol,amt_1d,chg_1d,amt_5d,chg_5d,amt_20d,chg_20d,amt_60d,chg_60d,amt_1y,chg_1y,amt_ytd,ytd
電子–半導體,電子上游-IC-製造,華邦電,365,9.93,1200.0295,13.15,5069.13698,45.94,9046.24516,129.44,13495.4019,458.11,13501.89894,458.11
電子–半導體,電子上游-IC-代工,台積電,586,2.26,1699.45525,4.03,7923.79025,8.75,29374.03189,13.93,101279.9102,40.03,102961.8801,46.54
電子–半導體,電子上游-記憶體製造,南亞科,277,7.25,1024.11197,9.35,2647.81201,29.1,12311.77517,142.16,20025.1933,599.28,20038.03966,559.83
電子–光電,電子中游-LCD-TFT面板,群創,137,6.16,382.76213,30.65,498.65085,21.79,814.24977,16.78,2346.8466,30.15,2361.6311,27.91
電子–電子零組件,電子上游-PCB-材料設備,富喬,70.9,-3.92,582.96032,7.52,1278.55284,13.73,4467.60673,40.69,10964.86794,247.7,10975.64449,257.58
電子–半導體,電子上游-IC-封測,京元電子,150,8.08,486.28105,12.5,1090.77353,9.27,3850.4062,47.76,8455.70062,120.79,8489.61799,130.68
電子–半導體,電子上游-IP/ASIC,世芯-KY,116,3.56,283.32434,9.01,1152.39035,2.63,4291.23821,6.85,18542.32496,14.48,18833.86253,8.02
電子–半導體,電子上游-記憶體銷售,威剛,19.4,0.36,506.18666,37.35,973.04027,58.81,2566.89021,66.87,3968.29939,277.4,3973.07701,276.89
電子–半導體,電子上游-記憶體IC設計,群聯,97.8,-0.34,684.12116,23.4,1923.22995,36.27,5191.68421,83.18,7906.06478,195.38,7952.71177,187.08
電子–其他電子,電子上游-PCB-材料設備,尖點,37.6,-0.26,335.26253,14.8,1195.54606,41.79,3048.48554,61.02,4827.88767,482.11,4828.34857,483
電子–半導體,電子上游-記憶體銷售,創見,35.3,3.57,161.49122,7.4,324.38517,11.05,651.0787,69.7,1031.04904,139.2,1034.44531,139.46
電子–電子零組件,電子上游-PCB-材料設備,凱崴,3.18,5.16,141.63972,18.87,358.59175,86.67,570.02061,134.42,845.96307,355.7,846.07734,349.6
電機機械,傳產-電機,大量,23,-5.12,163.83718,9.42,573.70322,23.23,1367.67734,36.31,4427.7814,138.03,4434.75932,128.06
電子–通信網路,電子中游-通訊設備,光聖,40.1,1.47,259.86259,12.86,639.06474,10.57,2755.57861,70.21,6401.66456,142.39,6495.30614,113.3
電子–半導體,電子上游-記憶體IC設計,愛普*,33.1,2.34,151.85083,8.74,291.16749,9.94,1201.46196,29.11,2432.0364,48.57,2444.20029,44.81
電子–通信網路,電子中游-通訊設備,華星光,79.6,0.61,508.95835,11.66,1587.2794,40,2757.72787,52.1,10508.57003,65.78,10788.5078,74.6
電子–其他電子,電子中游-EMS,鴻海,133,0.65,459.07603,2.9,1909.76028,3.83,9688.05865,2.22,28045.22165,29.47,28334.88362,29.82
綠能環保,傳產-綠能環保,可寧衛*,65.9,2.85,158.61592,28.46,237.61618,34.47,391.92621,55.67,524.58993,86.21,525.06189,85.23
電子–半導體,電子上游-IC-封測,欣銓,63.9,1.61,220.06122,37.11,320.71336,43.93,611.00638,50.91,2082.58025,128.15,2096.67536,147.47
電子–半導體,電子上游-IC-代工,力積電,145,6.45,457.1853,1.41,1711.30732,20.58,5510.62263,42.78,6897.08755,149.53,6902.34472,148.74
電子–半導體,電子上游-IC-封測,矽格,32.6,0.43,151.88234,18.03,279.64385,28.45,473.10023,27.18,1082.61203,76.57,1088.64671,81.8
電子–電子零組件,電子中游-電源供應器,康舒,26.7,3.55,78.06134,2.92,267.12138,13.4,1045.98814,37.34,1226.09698,40.63,1228.05912,42.23
電子–半導體,電子上游-IC-設計,信驊,10.3,-0.07,107.1371,5.68,503.07071,10,1698.06214,30.81,5418.15961,112.56,5488.37441,120.87
電子–電子零組件,電子上游-PCB-材料設備,台燿,46,-2.53,268.79837,6.12,905.99795,19.9,3554.19179,50.38,9170.82759,192.74,9196.8149,204.81
電子–半導體,電子上游-記憶體IC設計,晶豪科,41.4,9.75,210.65682,34.55,286.81613,53.65,1045.86983,57.33,1498.58736,93.57,1500.45016,94.17
電子–半導體,電子上游-記憶體銷售,十銓,69.4,2.38,243.84379,23.93,494.85663,42.64,1353.82573,116.74,1730.52102,149.8,1732.41914,151.73
電子–電子零組件,電子上游-被動元件,榮科,22,3.43,113.59399,23.67,184.0426,28.52,549.29533,95.9,639.12617,183.02,639.16471,189.26
電子–半導體,電子上游-IC-設計,聯發科,168,2.8,346.29628,2.88,1979.61484,1.06,6137.55101,11.72,24482.04817,2.33,24778.80745,5.21
電子–電腦及週邊設備,電子中游-EMS,緯穎,64.4,-0.11,181.33752,5.41,1038.60268,0.11,4369.82217,35.29,13636.90665,71.08,13809.50919,76.3
電子–半導體,電子上游-IC-製造,旺宏,72.7,9.89,233.5304,2.47,925.20336,17.76,3114.82019,56.86,3964.30532,96.27,3967.82855,99.24
電子–半導體,電子上游-IC-封測,穎崴,24.5,1.94,159.74056,9.86,451.23572,10.94,1550.58766,25.11,4425.99516,159.68,4445.36067,152.88
其他,電子下游-消費電子,雷虎,7.32,0,81.77442,-2.68,171.15726,3.94,638.60641,-2.36,2093.90645,120.7,2123.09305,107.44
電子–光電,電子中游-光學鏡片,大立光,33.2,3.61,248.47067,11.14,413.78778,14.71,917.83902,5.72,3756.1391,-3.62,3821.58887,-3.44
電子–電子零組件,電子中游-電源供應器,台達電,129,3.32,278.7742,2.12,1652.96326,-2.63,7253.34992,7.72,17639.5825,134.2,17758.00352,127.67
電子–半導體,電子上游-IC-封測,聯鈞,65.6,1.11,209.3191,3.45,888.16349,8,2194.50084,-10.15,10221.33677,-2.12,10404.63734,-5.7
電子–其他電子,電子中游-儀器設備工程,亞翔,32.6,2.36,167.57163,-4.66,724.07735,25.6,1830.25471,46.42,4917.32055,144.04,4945.80233,155.45
電子–電子零組件,電子中游-電源供應器,環科,1.85,1.1,78.20969,23.24,131.14147,65.52,161.93387,116.11,176.33777,83.5,176.67546,75.05
電子–半導體,電子上游-IC-封測,日月光投控,61.3,2.99,233.75244,6.82,880.96685,9.63,3378.52619,52.28,7638.82847,56.6,7683.5423,60.47
電機機械,電子上游-IC-代工,中砂,18.4,2.65,75.33363,7.02,341.40949,23.14,637.21114,15.77,2323.98505,34.53,2342.84599,39.93
電子–電腦及週邊設備,電子中游-二次電池,順達,14,-2.37,125.87094,0.6,669.226,28.87,1347.74203,-7.92,5259.47643,67.95,5416.64554,71.55
電子–半導體,電子上游-記憶體銷售,宇瞻,13.4,0,82.74516,16.98,182.84835,13,805.25829,56.94,952.29979,161.7,952.52263,163.46
鋼鐵工業,傳產-鋼鐵,第一銅,4.64,0.73,70.28051,8.55,144.50348,14.61,271.41005,24.36,569.44156,31.26,570.05443,31.79
電子–電子零組件,電子上游-PCB-材料設備,建榮,3.17,-2.43,48.33731,8.71,152.68426,4.17,292.97111,31.14,533.05092,80.99,533.27526,78.23
電子–電子零組件,電子上游-ABF,欣興,46.2,-0.45,142.77559,2.09,1242.93487,12.24,3435.8263,43.79,9302.11347,47.02,9398.9226,57.97
電子–電腦及週邊設備,電子中游-NB與手機零組件,奇鋐,78.6,-3.64,211.09245,0,1313.92103,14.83,5393.70541,37.27,15607.67866,142.94,15688.2904,144.49
玻璃陶瓷,傳產-玻璃陶瓷,台玻,7.88,0.58,129.55262,-2.68,820.21118,-6.87,2342.07689,27.49,4267.90183,111.96,4270.44996,111.31
電子–電子零組件,電子上游-PCB-製造,金像電,87,-6.4,230.54421,5.53,1020.12531,14.5,3663.66125,57.93,9088.27604,197.72,9147.12963,190.95
電器電纜,傳產-電線電纜,華新,23.7,3.46,236.16762,4.09,481.59843,6.18,1892.74564,24.71,3145.44605,39.53,3160.04384,37.48
電機機械,傳產-電機,恩德,2.53,-4,51.83348,43.07,63.46135,62.12,78.47726,51.27,257.28661,61.45,258.28949,64.25
電子–其他電子,電子中游-儀器設備工程,聖暉*,28.3,-2.43,104.78826,2.9,398.79972,18.33,1032.31206,-2.38,2309.05807,109.78,2323.30395,118.36
電子–光電,電子中游-LCD-零組件,中光電,3.87,0.7,54.34842,-5.49,142.524,-6.01,882.0294,-21.46,3513.58306,1.37,3572.80889,-5.57
電子–半導體,電子上游-IP/ASIC,力旺,8.97,-0.58,46.2785,1.47,295.66362,-15.61,1125.26322,-12.63,4131.19672,-44.4,4190.94243,-47.96
電子–光電,電子中游-LCD-TFT面板,友達,24.4,2.86,85.64585,8.41,151.73281,7.93,452.90749,-11.23,1265.7269,-13.31,1275.49839,-14.22
電子–電子零組件,電子上游-PCB-製造,華通,25.9,1.61,212.07821,-8.28,868.89993,9.27,1796.06681,28.06,3551.52293,38.5,3592.84642,38.29
電子–電腦及週邊設備,電子下游-筆記型電腦,廣達,62.5,1.84,220.34029,2.84,1001.03964,-5.72,3263.5375,-7.48,13442.68733,-3.07,13681.63357,-0.7
電子–半導體,電子上游-IP/ASIC,創意,79.8,2.82,215.05661,4.94,1092.99544,-2.07,4518.01101,53.99,8748.81458,60.93,8825.46905,58.57
電子–電子零組件,電子上游-PCB-材料設備,台光電,53.5,-3.34,188.86156,1.86,878.49932,14.24,3285.41938,27.03,10908.8816,168.8,11007.9787,169.67
電機機械,傳產-電機,高力,25.7,-1.9,135.90702,3.76,344.80472,9.02,1309.27083,46.84,2972.33435,86.64,2984.19702,85.76
電子–半導體,電子上游-晶圓材料,環球晶,15.6,-0.74,76.93933,5.69,220.87953,7.79,957.67337,-16.74,3107.33681,9.54,3123.30601,10.55
電子–電子零組件,電子上游-PCB-製造,定穎投控,70.9,-0.39,201.7788,4.51,688.49505,11.35,2518.72979,37.54,4974.83811,116.25,4977.21223,115.52
電子–電子零組件,電子上游-被動元件,國巨*,125,4.33,188.51402,3.82,978.60369,1.54,5861.04259,35.48,9501.62635,69.34,9569.02756,78.1
電子–通信網路,電子中游-網通,智邦,45.1,-3.38,193.03802,0,1387.28692,12.86,3777.55475,10.23,11132.32644,55.1,11239.76989,55.3
電子–電子零組件,電子上游-PCB-材料設備,揚博,4.02,2.89,37.02154,21.98,81.86783,28.31,112.53457,14.69,319.88387,39.47,321.06278,42.07
電子–半導體,電子上游-IC-封測,南茂,14.5,3.08,84.20502,4.2,250.98073,7.53,684.61533,49.92,812.93324,59.61,813.82981,57.32
電子–電腦及週邊設備,電子下游-筆記型電腦,緯創,138,2.99,207.49994,3.79,1111.12585,5.24,4386.43644,0.67,12150.13457,46.14,12228.64001,49.66
電子–半導體,電子上游-IC-封測,精測,7.85,0.44,91.6896,0.22,379.27807,23.85,1027.91643,26.94,2242.09144,180.26,2275.34677,161.51
電子–半導體,電子上游-IC-封測,旺矽,18.2,0.44,142.97358,0.22,490.23072,4.17,1819.40099,30.43,6122.18484,153.54,6182.06776,146.69
電子–半導體,電子上游-IC-代工,穩懋,32.3,-2.19,128.68005,-2.92,786.98171,21.19,1372.09976,96.56,2009.79679,73,2017.01837,65.27
電子–電腦及週邊設備,電子上游-記憶體銷售,宜鼎,37.1,3.3,108.72523,15.66,369.55539,26.18,1428.04886,68.91,2000.59807,180.2,2001.9619,178.26
電子–電腦及週邊設備,電子中游-電源供應器,光寶科,41,2.14,110.28659,0.31,403.71937,2.19,2397.263,-4.11,6188.29219,66.68,6201.5929,70.86
電子–其他電子,電子中游-儀器設備工程,漢唐,36.9,1.16,154.00651,-0.52,796.61461,22.45,1469.74376,6.63,4501.8651,102.49,4546.15243,104.8
電子–電子零組件,電子上游-連接元件,富世達,34.2,-5.54,121.02355,1.56,630.95955,4.84,2124.55243,61.69,5763.55899,112.94,5805.72731,102.16
電子–其他電子,電子中游-散熱零組件,雙鴻,42.9,-0.99,105.85329,-0.98,639.33785,14.64,2465.81984,15.43,7027.78811,49.13,7075.2982,52.46
電子–電子零組件,電子上游-被動元件,蜜望實,12.7,3.95,87.10052,-1.04,245.13895,10.82,621.25813,125.13,694.60192,177.24,694.96843,171.29
電子–半導體,電子上游-IC-導線架,長科*,5.69,1.9,32.1252,13.16,54.72733,8.39,207.83452,33.71,265.7417,39.08,266.4836,39.08
電子–光電,電子上游-LED照明及光元件,惠特,16.8,-2.85,134.09273,7.66,378.69006,54.23,485.35426,71.34,851.20853,5.24,863.19214,11.95
電子–通信網路,電子上游-被動元件,上詮,36.9,-0.87,104.48863,10.24,331.89946,20.39,908.686,25.17,3349.56115,69.76,3359.52804,84.85
塑膠工業,傳產-塑膠,南亞,57.9,-5.32,157.58631,2.38,1038.05108,-6.52,3124.2461,55.76,5533.98849,97.25,5547.94245,106.16
電子–半導體,電子上游-IC-半導體設備,鴻勁,38.8,0.15,108.1516,4.1,622.6191,18.51,928.13156,0,928.13156,0,928.13156,0
電子–半導體,電子上游-記憶體銷售,品安,3.87,1.19,28.80008,11.86,52.28264,17.41,356.77918,21.58,847.84246,133.81,848.00539,134.4
電子–電子通路,電子上游-IC-通路,方土昶,22.7,4.04,27.39851,56.45,70.65105,66.58,98.3988,160.32,110.43314,209.13,110.46808,206.19
電子–電子通路,電子上游-IC-通路,至上,26.5,2.28,103.00618,2.47,372.47753,9.85,1518.43433,62.39,1782.49731,34.79,1785.42072,34.79
航運業,傳產-航運,漢翔,1.97,0.99,21.40251,-2.13,66.35819,-1.75,338.51079,-9.16,2381.32192,18,2385.74396,16.56
電子–半導體,電子上游-ABF,景碩,43.2,-1.89,135.564,11.58,605.24081,12.77,1984.86862,45.87,3487.17973,46.95,3534.10638,59.32
電子–其他電子,電子上游-連接元件,貿聯-KY,35.1,0.33,165.88613,4.11,865.66315,-0.98,3242.63992,48.29,8583.36243,147.45,8656.67409,153.92
電子–電子零組件,電子上游-PCB-製造,台虹,18.5,4.69,54.63782,-7.29,564.29285,5.19,990.62152,44.16,1444.6591,98.97,1445.70993,100.09
電子–半導體,電子上游-IC-封測,力成,36.1,6.07,133.1287,5.49,366.41463,11.25,1084.19684,14.57,2374.60891,49.32,2387.6294,49.32
電子–半導體,電子上游-IC-封測,華泰,14.3,-0.18,102.87412,11.33,227.11913,21.34,536.02847,19.79,1036.97711,62.04,1039.0516,65.34
電子–電腦及週邊設備,電子下游-筆記型電腦,華碩,23.9,1.28,156.59023,0.37,661.98422,-9.72,1562.38405,-19.88,6222.45407,-8.43,6299.77117,-6.5
電子–半導體,電子上游-IC-半導體設備,家登,20.4,4.21,41.77626,13.02,108.16347,5.91,254.49802,4.98,958.07421,-28.66,967.82838,-25.43
電子–電子零組件,電子上游-PCB-材料設備,鉅橡,7.01,1.76,63.49597,8.63,155.87249,45.51,199.33788,66.94,280.31115,145.43,280.36815,142.63
生技醫療,傳產-生技,藥華藥,10.6,5.32,39.52326,-5.24,148.67699,-9.27,552.02953,-14.86,2991.50324,-22.79,3045.11849,-15.01
電子–其他電子,傳產-其他,光洋科,9.88,-1.2,112.26316,-4.04,243.30502,15.05,395.19901,7.43,1238.29055,12.45,1247.40474,10.12
電子–電子零組件,電子中游-二次電池,AES-KY,12,-2.26,99.04755,3.91,475.37754,-10.44,1666.73426,13.19,5552.87502,15.55,5684.01158,18.09
電子–半導體,電子上游-IC-封測,超豐,13.3,1.35,59.01534,1.83,261.09267,26.24,339.4282,41.49,444.75147,58.73,445.91865,59.53
電子–半導體,電子上游-記憶體IC設計,鈺創,18.4,9.84,85.66328,26.37,139.44793,31.61,361.05823,44.11,601.03742,43.3,603.05533,40.53
電機機械,傳產-電機,華城,28.9,-2.75,74.51638,-3.04,786.01474,10.71,1950.47341,35.88,6687.09394,56.83,6742.87844,51.54
電子–電子零組件,電子中游-金屬製品,川湖,49.2,-7.73,56.25244,0.54,438.04266,11.44,1824.93511,12.28,5653.89399,154.47,5706.56651,144.62
電子–光電,電子上游-IC-導線架,一詮,7.35,2.34,34.89979,1.73,230.78914,-0.21,653.34911,18.86,1501.34742,-12.1,1540.54989,-16.38
電子–電子零組件,電子中游-散熱零組件,健策,41.1,-5.65,112.84621,1.1,871.48207,-1.96,2671.82351,11.13,6876.31353,89.22,6906.79921,81.77
電子–電子零組件,電子上游-ABF,南電,13.2,-1.66,62.67731,0.84,494.08986,-8.02,3230.19687,4.33,6583.76469,74.92,6607.61805,86.3
電子–光電,電子中游-儀器設備工程,牧德,7.7,-1.7,44.2498,5.18,133.43919,5.71,338.66326,10.2,1816.02873,53.66,1822.60673,48.22
航運業,傳產-航運,長榮,28.9,1.58,93.70167,2.15,292.01969,4.68,1206.39137,7.04,8006.45358,-4.64,8098.73343,-2.73
電子–電子零組件,電子上游-PCB-材料設備,德宏,2.95,-3.02,26.58548,10.23,77.39234,50.31,172.15814,39.8,399.90787,705.88,399.97353,686.07
鋼鐵工業,傳產-鋼鐵,中鋼,6.51,-1.32,30.85176,2.15,107.80153,0.8,300.93326,-1.04,1494.38441,0.11,1511.01394,-1.71
電子–光電,電子上游-PCB-製造,台表科,2.19,-0.73,13.05625,0.85,30.17998,-7.38,113.63822,-7.38,435.07574,-9.74,439.68803,-8.08
電子–其他電子,電子中游-儀器設備工程,德律,6.58,0.52,52.00086,-0.52,220.16536,20.82,366.05039,15.02,1236.37021,70.12,1240.45757,63.15
電子–電子通路,電子上游-IC-通路,文曄,13.8,2.55,78.63494,-6.16,284.90532,-5.19,774.87714,-1.79,1757.05276,26.95,1766.51623,30.4
電機機械,傳產-電機,鈦昇,5.29,3.2,20.86311,0,81.44876,12.08,138.40945,28.82,294.59552,26.15,297.52283,26.3
電子–電子零組件,電子上游-PCB-製造,毅嘉,9.96,0.79,75.17999,-2.33,292.68081,30.17,390.04827,19.54,1024.83655,71.66,1026.19999,72.13
電子–半導體,電子上游-IC-封測,台星科,5.29,-1.58,54.47875,15,90.25917,33.86,115.8829,33.44,200.04717,17.31,201.90811,18.37
電機機械,傳產-電機,東元,7.57,0.36,84.04381,-1.52,356.14561,-3,2483.54215,-26.64,5387.1877,64.16,5396.86993,67.93
電子–半導體,電子上游-IC-設計,譜瑞-KY,7.23,-0.86,32.44348,4.47,82.12158,-9.18,367.01215,-21.08,1631.30674,-20.85,1642.41604,-22.09
電子–通信網路,電子中游-網通,眾達-KY,8.68,-1.06,75.15949,1.79,319.44687,15.92,498.81637,16.87,1802.38994,-2.93,1896.7717,-2.61
電子–其他電子,電子上游-IC-半導體設備,矽科宏晟,2.34,-2.23,11.65066,0,11.65066,0,11.65066,0,11.65066,0,11.65066,0
電子–半導體,電子上游-記憶體銷售,凌航,8.85,-0.11,34.4971,40.31,56.01017,54.47,103.25586,124.77,128.29267,0,128.29267,0
金融保險,金融-金控,玉山金,20.8,1.04,119.43031,0.6,449.51067,9.4,1086.59894,2.27,2642.56747,29.66,2651.71681,31.07
生技醫療,傳產-生技,晟德,1.61,-2.64,9.5217,12.28,16.40946,8.47,40.88732,15.81,114.72996,2.87,115.72682,1.69
電子–通信網路,電子中游-通訊設備,耀登,0.09926,-2.31,10.63062,-2.7,32.08932,22.45,36.05955,15.38,69.19435,0.37,70.14257,-0.53
電子–半導體,電子上游-IC-封測,福懋科,40.9,3.09,69.45922,11.17,239.45489,53.32,376.34688,100.31,401.00583,147.04,401.30584,141.78
塑膠工業,傳產-塑膠,台塑,7.75,-1.41,22.04636,-2.74,135.63258,-10.24,540.57573,4,2027.27535,9.12,2051.0203,11.43
電子–電腦及週邊設備,電子中游-EMS,大眾控,2.53,-4.41,53.81449,22.8,70.34386,76.05,75.79211,38.6,157.42765,23.55,167.99416,36.17
電子–光電,電子下游-太陽能,元晶,16.1,-0.54,28.72869,4.1,117.65742,118.82,131.98536,91.1,277.94759,51.22,279.8141,56.3
電子–電子零組件,電子上游-PCB-製造,精成科,9.42,-1.34,38.23699,-4.68,191.95355,-9.68,1283.89438,-5.08,5306.33218,64.25,5430.78838,101.37
電子–其他電子,電子中游-儀器設備工程,致茂,18.4,2.71,77.52993,1.57,512.42772,-0.39,2235.58567,22.24,4452.8381,118.64,4531.54758,94.32
電子–光電,電子中游-光學鏡片,邑錡,1.56,1.9,16.33423,-5.73,29.3754,2.73,120.17841,-2.23,571.24454,58.15,579.85784,58.34
電子–半導體,電子上游-IC-代工,聯電,14.2,-1.12,82.04625,-1.5,529.79372,4.34,1302.4747,12.44,4978.73359,20.8,5040.03728,21.79
電子–半導體,電子上游-IC-半導體設備,萬潤,9.44,2.34,21.04075,6.43,80.19696,3.41,314.44141,-2.93,2566.01152,-9.42,2595.91711,-7.16
電子–其他電子,傳產-其他,鑫科,4.78,6.87,18.8479,15.33,22.65406,26.08,28.90614,14.06,234.02495,-20.26,242.63296,-18.67
電子–電腦及週邊設備,電子下游-電腦周邊,廣明,5.82,2.34,34.40491,4.9,65.74151,5.42,169.84308,-3.6,1038.8903,1.68,1077.98773,-0.59
電子–其他電子,電子中游-儀器設備工程,帆宣,5.81,0.36,30.98156,1.29,152.66098,20.35,291.59918,12.94,905.94934,90.63,906.98738,92.58
電子–通信網路,電子中游-通訊設備,波若威,12.4,5.02,34.62623,2.18,789.71156,27.72,1887.39426,77.11,7640.38869,156.53,7714.69844,186.44
電子–光電,電子中游-光學鏡片,今國光,6.22,-0.6,43.25869,2.77,170.67456,17.61,413.31767,70.63,581.74154,139.43,583.89882,125.3
電子–電子零組件,電子上游-PCB-材料設備,聯茂,10.8,2.64,26.86157,1.34,116.44937,5.58,560.28586,10.73,2346.12858,46.3,2351.72144,47.23
電子–電腦及週邊設備,電子中游-機殼,勤誠,33.8,-5.07,79.22687,5.24,356.92465,11.79,1360.72579,65.3,3081.33936,276.43,3086.99138,282.78
電子–電腦及週邊設備,電子下游-工業電腦,事欣科,2.53,2.28,30.11005,-5,111.01066,22.84,182.98525,-6.25,1736.80192,82.4,1738.35818,77.63
航運業,傳產-航運,陽明,7.23,0.54,61.45726,5.49,180.41052,7.12,716.18985,8.16,5082.03759,-18.73,5176.86007,-17.88
航運業,傳產-航運,長榮航,6.88,-0.14,31.61084,0.14,133.92936,5.94,478.68887,-3.56,2914.82924,-17.81,2997.74672,-12.35
電子–電子零組件,電子上游-PCB-製造,泰鼎-KY,5.84,-3.05,34.56047,-4.09,126.77057,50.11,167.72307,17.77,377.1604,2.18,378.15221,-1.8
金融保險,金融-金控,台新新光金,9.31,0,164.16656,-2.39,899.57836,8.51,1464.1537,12.09,3378.20646,21.57,3399.16228,24.01
電子–其他電子,電子中游-儀器設備工程,弘塑,19.3,2.88,49.69703,3.31,238.69578,9.86,825.00381,3.65,3340.40391,7.69,3383.72588,6.6
化學工業,傳產-化學工業,國精化,9.22,-0.8,42.55579,-0.53,156.95714,13.29,442.11505,-3.85,1134.25628,308.05,1134.86638,312.45
電子–通信網路,電子下游-電信服務,台灣大,8.74,-0.46,109.79689,1.88,362.14532,1.88,651.51632,0,2361.16409,0,2396.17779,-0.44
航運業,傳產-航運,亞航,0.07709,-0.58,12.18441,-4.58,33.66742,2.16,156.97862,-4.23,799.66504,38.49,832.76957,34.8
電子–電子零組件,電子上游-連接元件,湧德,16.2,9.96,41.4705,10,64.82466,13.24,212.39485,19.57,871.78432,18.44,890.15676,17.86
電子–通信網路,電子中游-通訊設備,兆赫,4.74,-3.22,33.51802,-9.9,303.355,13.3,404.81809,100.76,428.27864,74.83,428.7725,69.23
電子–電子零組件,電子上游-被動元件,光頡,29.1,9.93,19.90976,7.75,68.17975,21.04,202.05975,51.3,227.51714,43.21,227.66681,40.72
電子–電子零組件,電子中游-變壓器與UPS,系統電,6.51,-1.91,37.29396,-4.9,309.58707,12.21,659.43819,-0.44,1929.88138,63.78,1942.39711,66.71
電子–電子零組件,電子上游-PCB-製造,臻鼎-KY,10.5,-1.06,51.52274,-1.39,222.71336,-2.74,1060.29101,-11.25,3947.60341,20.87,3963.49543,23.89
電子–光電,電子中游-儀器設備工程,廣運,1.07,-1.11,14.24576,-1.64,46.92681,17.05,76.8802,-0.83,562.9948,-21.83,586.91586,-19.14
電子–電腦及週邊設備,電子中游-EMS,和碩,7.75,0.44,34.04156,-0.72,149.44068,-4.46,406.4072,-4.06,1349.51821,-22,1368.67926,-21.07
航運業,傳產-航運,龍德造船,0.08967,0,16.43376,-6.01,58.99525,11.3,157.45036,-4.66,964.49733,32.83,965.11009,31.53
電子–電子通路,電子上游-IC-通路,大聯大,7.78,1.72,41.37265,0,140.54837,-11.01,507.66155,-11.01,1237.8055,-14.71,1250.7696,-10.98
生技醫療,傳產-生技,康霈*,3.79,-0.97,28.9248,-3.73,278.12579,-2.21,943.70334,-16.44,5397.52317,157.9,5411.4498,152.03
航運業,傳產-電機,長榮航太,1.65,1.06,24.75592,-3.4,80.97818,-1.39,289.2882,-11.8,1449.08623,51.73,1455.04711,52.67
電子–電子零組件,電子上游-PCB-製造,健鼎,14.3,-1.57,55.98982,1.6,191.43217,6.01,644.83443,2.75,2117.22339,65.92,2139.89159,67.6
電子–其他電子,電子上游-PCB-材料設備,昇貿,5.56,4.83,26.54775,-5.91,215.3985,8.15,553.28055,-7.17,2058.68788,68.18,2059.4052,67.94
金融保險,金融-金控,富邦金,12.3,-0.52,56.37609,-2.04,340.24968,4.34,1427.23733,9.95,5156.47874,12.67,5182.23984,14.66
電子–半導體,電子上游-IC-設計,祥碩,10.6,-4.13,37.20971,3.42,108.49844,-2.42,478.75498,-17.97,3150.27964,-40.45,3211.73918,-38.05
電子–通信網路,軟體-系統整合,華電網,5.8,2.03,41.82354,-4.75,104.91523,22.76,198.70627,123.05,233.53559,131.52,234.91318,147.04
電子–半導體,電子上游-IC-設計,晶相光,1.17,5.22,6.46904,1.11,22.56387,21.13,26.39018,15.56,52.51817,-18.29,52.86176,-20.44
航運業,傳產-航運,華航,3.47,0.25,25.77562,1.51,107.64376,6.88,266.95835,-1.94,1261.40181,-20,1289.54724,-18.28
電子–電子零組件,電子上游-PCB-製造,瀚宇博,4.58,0.22,17.6869,-3.65,141.64097,-8.61,695.26171,3.59,1466.90805,78.5,1474.36047,81.16
電子–通信網路,電子下游-電信服務,中華電,4.23,1.15,25.5847,0,118.54781,0.38,483.54009,-1.88,2805.17285,9.75,2829.35113,9.75
電子–電子零組件,電子上游-PCB-製造,高技,13.3,-2.52,53.33181,-2.61,422.04857,-11.45,1431.57382,0.79,5409.36179,213.55,5425.49749,185.56
電器電纜,傳產-電線電纜,華榮,3.57,-0.26,38.12793,3.79,83.14298,8.49,268.63418,21.94,491.75807,52.06,492.40494,53.77
電子–電腦及週邊設備,電子中游-散熱零組件,邁科,3.33,-1.53,29.98952,10.9,102.5168,26.61,136.88346,0,136.88346,0,136.88346,0
電子–其他電子,電子中游-機殼,可成,11.6,-1.2,59.75524,6.94,123.23843,5.7,389.31374,15.52,1676.42856,12.45,1699.56401,13.32
電子–半導體,電子上游-IC-半導體設備,竑騰,4.31,-2.06,35.94846,10.07,66.37376,33.56,129.03911,52.46,209.44444,0,209.44444,0
電機機械,傳產-電機,大同,5.52,-2.69,25.86698,-0.16,176.56975,-1.25,463.52008,-17.52,1810.6688,-30.04,1827.65531,-31.28
其他,傳產-其他,智通*,1.59,-1.19,6.91442,0.9,25.98315,-4.29,158.89727,-18.49,1015.17213,105.8,1016.58746,111.12
電子–光電,電子中游-儀器設備工程,東捷,7.15,2.43,22.83599,16.22,35.39307,10.13,66.42213,14.39,247.99242,-8.86,252.14378,-10.21
文化創意,軟體-遊戲,鈊象,8.74,1.25,27.6625,1.55,156.43774,-2.44,882.3542,-9.88,3802.88511,-23.95,3836.78473,-23.25
電子–半導體,電子中游-LCD-TFT面板,新應材,50.8,7.18,59.69109,7.48,154.16614,10.04,732.95395,-0.34,2675.9308,0,2675.9308,0
數位雲端,軟體-其他,創泓科技,1.18,9.91,6.41304,9.18,11.15256,13.65,21.36846,22.43,64.10597,0,64.10597,0
電子–半導體,電子上游-LED照明及光元件,采鈺,4.33,-2.11,27.7342,2.7,80.03556,9.2,226.32852,3.64,1275.40196,-12.63,1328.54075,-6.09
電子–電腦及週邊設備,電子中游-EMS,神達,61.5,5.21,44.69114,4.22,318.6525,-2.48,2330.2112,-4.53,9547.83332,38.53,9689.35266,35.4
電子–電腦及週邊設備,電子中游-主機板,微星,4.81,-0.31,26.92019,-2.54,109.82635,-5.78,558.4161,-14.58,2051.84746,-46.98,2076.90019,-45.68
電子–光電,電子上游-LED照明及光元件,億光,2.28,-0.18,28.01519,1.28,79.21778,6.56,126.57731,-12.38,420.89096,-28.83,433.30157,-30.25
電子–其他電子,電子上游-IC-其他,光焱科技,4.69,9.96,7.99954,22.94,19.71042,36.63,33.6579,69.59,80.61851,0,80.61851,0
金融保險,金融-金控,中信金,18.9,1.2,85.19685,-0.4,456.30885,13.83,998.39927,16.88,5076.31776,34.48,5119.39859,35.49
電子–通信網路,電子下游-手機製造,宏達電,2.25,0.1,17.55912,-1.11,117.17838,1.44,392.11139,-19.34,2869.03584,0,2893.46063,0
電子–光電,電子中游-LCD-TFT面板,元太,19,1.52,42.28114,5.88,135.80762,3.13,589.17769,-14.66,3283.14509,-26.16,3303.53837,-25.76
電子–光電,電子上游-PCB-材料設備,高僑,1.15,-1.83,12.53723,14.26,18.69307,43.1,21.08183,23.66,79.2131,8.72,79.78888,10.11
電子–電腦及週邊設備,電子中游-主機板,技嘉,23.4,3.81,52.82951,6.62,153.53438,3.1,749.08797,-16.56,3006.87424,-9.56,3058.72944,-5.08
金融保險,金融-金控,元大金,19.7,0.89,60.88236,-3.08,235.32909,7.52,539.76498,14.58,2050.69043,19.6,2069.64648,24.72
電子–半導體,電子上游-IC-設計,聯詠,19.7,-1.87,54.17342,-0.13,170.80034,-6.03,593.13716,-10.53,3181.7656,-20.42,3214.42879,-21.38
電子–電子零組件,電子上游-PCB-材料設備,志聖,17.5,7.78,39.45665,6.82,179.99968,25.25,261.79306,32.19,788.95853,30.99,798.25045,25.29
電子–半導體,電子上游-IC-封測,博磊,0.08933,-2.06,13.73046,0.83,35.04373,7.53,117.7709,32.36,155.19228,46.45,155.60862,50.04
電子–電子零組件,電子上游-PCB-製造,律勝,0.01613,0.17,9.42785,14.8,15.18095,54.3,15.8211,71.34,23.26733,30.87,23.45482,32.62
電子–通信網路,電子上游-PCB-製造,新復興,2.51,-1.53,32.03992,3.69,67.4425,40.48,84.10307,14.12,480.1186,-43.57,487.91979,-43.07
電子–電子零組件,電子上游-被動元件,日電貿,23.6,9.76,30.0005,3.91,195.91201,14.42,478.50875,32.79,750.5608,52.11,752.87207,49.07
生技醫療,傳產-生技,美時,2.7,-0.35,25.188,-0.18,125.03004,-7.82,700.99382,7.2,1444.25829,8.02,1451.05296,7.82
其他,傳產-其他,jpp-KY,3.67,2.31,11.5625,-3.77,126.00929,-9.79,467.64118,-8.17,1295.48102,73.63,1302.52162,79.69
電子–電腦及週邊設備,電子中游-機殼,晟銘電,2.93,-0.38,31.13082,-0.38,121.4432,-0.38,527.28571,12.02,2950.29186,-10.79,3004.75394,-7.32
水泥工業,傳產-水泥,台泥,6.8,-0.86,27.72247,2.43,103.08987,1.75,330.71274,-2.32,1640.28669,-24.26,1646.94739,-23.91
其他,傳產-其他,世紀*,3.37,-0.31,3.92315,0.36,16.11395,-1.41,104.33794,-17.7,1626.50287,-13.59,1634.12024,-13.06
金融保險,金融-金控,第一金,4.03,0.51,63.98662,-0.84,307.04246,6.14,491.45976,-0.34,1687.03912,12.04,1697.11999,14.75
電子–半導體,電子下游-太陽能,中美晶,12.5,3.76,32.53812,3.4,95.9333,1.91,394.60461,-10.13,1651.34857,-17.38,1668.0692,-16.15
電子–電腦及週邊設備,電子下游-筆記型電腦,宏碁,11.1,0,44.52546,3.13,122.16364,-3.47,407.84991,-12,1229.67929,-28.59,1255.82819,-30.31
電子–半導體,電子上游-IC-半導體設備,昇陽半導體,38.8,4.78,78.73187,2.89,238.75558,14.47,670.09368,-1.66,4150.90571,26.36,4202.39456,29.52
綠能環保,傳產-綠能環保,金益鼎,1.47,1.99,13.7128,2.84,47.30202,7.62,94.35555,31.59,248.96694,51.42,249.51909,53.17
電子–電子零組件,電子上游-PCB-製造,亞電,1.12,1.77,18.16312,-5.52,141.64549,-5.15,251.6417,60.7,272.86574,83.72,272.91263,84.18
電子–半導體,電子上游-IC-設計,安國,8.42,-2.81,26.79747,0.35,200.85156,-1.38,708.02498,34.43,1565.6662,5.56,1572.73741,3.64
電子–電子零組件,電子上游-PCB-材料設備,中探針,1.07,-0.59,20.28259,0,54.16885,4.38,324.80738,13.65,565.38948,34.91,566.5102,32.99
電子–光電,電子下游-數位相機,佳能,7.03,2.06,23.26732,1.17,110.8387,-0.39,649.68782,-9.35,3210.95667,39.37,3272.14053,33.01
鋼鐵工業,傳產-航運,豐達科,2.18,6.28,6.28834,-1.9,13.13801,4.55,43.87011,-23.05,467.78305,10.57,469.02737,15.46
電子–其他電子,電子中游-變壓器與UPS,旭隼,16.3,4.53,26.87514,0.73,140.72713,-15.93,727.62233,5.89,1445.77932,-46.28,1451.43231,-46
電子–半導體,電子上游-IC-封測,精材,7.58,3.6,10.88675,0,39.27683,-1.07,188.36438,-1.07,1489.63202,-30.1,1503.63075,-28.51
電子–半導體,電子上游-IC-代工,世界,7.7,0.22,40.89788,-6.59,106.67138,-0.43,370.11659,-8.81,1679.84693,-3.71,1697.20212,-3.62
電子–半導體,電子上游-IC-設計,瑞昱,17,-0.31,167.30234,0.2,300.67009,-9.78,740.38211,-7.21,3056.44874,-4.96,3106.36394,-9.64
電子–通信網路,電子上游-半導體元件,全新,3.5,-0.66,37.875,-0.98,129.54292,8.6,446.20477,-5.61,1892.7602,-2.42,1918.78922,-6.52
化學工業,傳產-化學工業,晶呈科技,2.16,0.39,24.03426,22.14,114.62729,75.23,218.85755,85.68,363.70997,141.09,364.58799,144.58
金融保險,金融-金控,國泰金,19.3,-0.79,119.55169,-1.17,533.61876,13.81,1098.27191,16.62,5436.24215,16.17,5484.31697,17.01
電子–其他電子,電子下游-其他,鼎炫-KY,0.08546,-2.65,9.1961,-11.82,33.14586,16.87,56.52146,37.73,158.4208,200.87,158.49738,200.87
電子–電子零組件,電子上游-連接元件,詮欣,1.11,-1.61,9.97446,55,11.17841,61.88,13.84924,47.97,41.97457,-10.91,43.20038,-15.27
電子–光電,電子中游-光學鏡片,亞光,6.87,3.24,16.65661,-0.36,86.84597,1.46,297.10625,-10.61,5647.65441,-19.07,5680.51107,-24.01
電子–其他電子,傳產-塑膠,佶優,3.44,9.57,4.4847,15.1,6.5585,28.47,9.68217,15.81,61.70008,-8.08,62.37246,-9.96
電子–通信網路,電子中游-通訊設備,昇達科,4.04,3.24,22.03752,4.62,256.32547,30.58,618.09965,53.45,2678.43903,92.61,2728.5478,110.81
電子–光電,電子中游-儀器設備工程,晶彩科,10.3,2.68,27.4621,2.53,153.35392,3.9,282.92531,14.34,1002.05092,77.65,1012.99681,86.08
電子–電子零組件,電子上游-被動元件,華新科,21.4,6.41,19.84359,0.86,146.12094,3.08,1147.62559,14.71,1579.57416,27.37,1583.55802,30.39
電子–通信網路,電子中游-網通,啟碁,2.57,1.01,13.53362,-2.94,63.11926,-2.94,230.61484,-14.29,1122.02497,-22.14,1137.18098,-24.97
其他,傳產-其他,中租-KY,18.6,-1.42,65.156,-4.52,249.62556,3.94,514.55673,-0.47,2043.8064,-3.36,2100.07546,0.06
電子–電子通路,電子上游-IC-通路,全達,1.53,-2.94,5.45511,42.36,7.00834,61,8.42137,37.29,18.9595,4.9,19.03764,4.9
鋼鐵工業,傳產-鋼鐵,大成鋼,6.15,0.7,46.18396,1.42,143.92045,-7.41,359.93304,-5.57,2751.22865,22.51,2755.40038,21.71
電子–電子零組件,電子上游-連接元件,良維,14.8,3.05,24.12765,0.56,196.85849,5.56,1009.89963,36.74,2257.61659,153.73,2259.01895,157.16
電子–光電,電子中游-LCD-零組件,瑞儀,10.4,-1.21,34.7858,-1.59,78.58074,5.08,167.30877,-11.74,781.57693,-29.96,792.27117,-32.09
電子–半導體,電子上游-IC-半導體設備,京鼎,2.37,1.62,19.9333,-5.61,60.32235,-7.19,403.73209,-9.17,874.2016,-6.9,879.94615,-4.15
電子–電腦及週邊設備,電子中游-磁碟陣列,普安,3.02,-1.21,22.75797,6.44,73.88916,25.43,149.88831,53.01,211.87393,9.87,214.49883,9.51
電子–電腦及週邊設備,電子下游-筆記型電腦,英業達,10.2,3.85,25.53066,-0.35,131.45573,-2.83,457.14752,-5.71,1771.90359,-15,1824.48618,-10.92
電子–電子零組件,電子上游-PCB-製造,楠梓電,2.67,-1.94,10.6096,0,80.70176,-5.94,492.86622,5.86,1639.14476,118.36,1639.84683,119.52
化學工業,傳產-化學工業,雙鍵,3.15,10,18.77531,-7.89,92.37998,45.23,107.74276,156.1,109.03145,135.96,109.09648,134.9
電子–電子零組件,電子上游-連接元件,嘉澤,6.61,0,20.93904,0,169.41854,1.57,661.65541,-17.52,3511.79933,-27.17,3576.47634,-31.82
電子–電子零組件,電子中游-散熱零組件,建準,4.49,-1.25,21.02986,3.22,84.46909,-0.62,721.60151,25.39,1499.45853,73.55,1503.02561,70.53
電機機械,傳產-其他,寶一,0.01676,0,2.37997,-2.53,4.63648,-1.7,23.07036,-15.48,1258.69053,7.05,1259.22314,2.75
電子–其他電子,電子中游-儀器設備工程,洋基工程,7.73,-0.72,24.81239,-4.12,156.40878,17.85,288.83604,27.11,1042.52804,46.82,1054.61781,54.86
電子–其他電子,電子中游-機殼,鴻準,2.67,-0.32,9.99801,0,50.98045,-5.51,368.23482,-13.1,2088.52227,-18.85,2162.78175,-15.25
綠能環保,傳產-綠能環保,兆聯實業,2.97,1.01,24.90373,1.17,181.05936,27.21,364.3013,28.62,786.3595,0,786.3595,0
電子–電子零組件,電子上游-PCB-材料設備,群翊,2.61,2.68,12.45863,4.73,71.09959,12.62,147.29316,18.18,414.05723,29.05,416.06048,29.05
電子–電子零組件,電子上游-連接元件,廣宇,3.03,-0.3,21.99381,6.54,48.51996,5.63,286.72139,-10.77,2391.98928,26.4,2408.66271,24.53
電子–電腦及週邊設備,電子下游-筆記型電腦,仁寶,6.16,1.32,23.4277,1.33,116.84161,3.05,716.02337,-6.89,2319.40957,-14.44,2347.91417,-16.05
化學工業,傳產-化學工業,材料*-KY,3.93,-1.35,19.47219,-2.44,95.6616,-4.95,288.63522,-16.29,3021.02073,-39.53,3062.90724,-40.34
鋼鐵工業,傳產-鋼鐵,長榮鋼,1.36,1.86,17.5852,-5.29,66.68393,-19.16,140.07921,0.1,315.6722,14.81,325.36075,15.33
電子–電子零組件,電子上游-連接元件,鴻碩,0.08794,4.69,5.35799,54.68,6.53769,71.81,9.41759,63.58,16.65267,-7.58,16.81242,-8.41
航運業,傳產-航運,萬海,6.22,1.02,27.60967,0.38,128.54318,-2.48,837.32522,7.5,4242.22377,-3.27,4281.0511,0.79
電子–半導體,電子上游-IC-代工,環宇-KY,1.58,-0.88,84.77666,-1.72,227.87851,38.91,745.08505,66.18,4777.52529,89.63,4835.32005,68.01
電子–半導體,電子上游-IC-製造,強茂,4.41,-0.25,23.07944,-3.96,287.84774,-7.51,1550.28494,11.72,2262.98364,62.21,2264.06466,60.94
電子–通信網路,傳產-電線電纜,聯光通,1.02,0.47,14.35225,-12,104.73931,5.06,153.36553,43.03,268.77437,33.59,270.47251,35.73
金融保險,金融-金控,永豐金,3.34,0.7,26.26463,-1.55,152.99518,4,441.57818,11.07,1938.98176,32.96,1949.04562,33.83
電子–半導體,電子上游-IP/ASIC,智原,5.55,0,14.01614,3.96,76.71823,-0.87,495.2099,10,2590.63957,-28.64,2619.54415,-28.05
電子–電子零組件,電子下游-電腦周邊,群光,7.34,-0.43,24.70684,0,62.60451,0.43,176.68675,-13.65,1202.71741,-18.71,1212.07616,-17.65
塑膠工業,傳產-塑膠,台化,6.28,-3.58,11.72328,-2.73,92.45546,-9.45,363.33089,13.23,1148.35163,16.98,1159.71905,20.22
金融保險,金融-金控,凱基金,4.04,-0.29,27.37,-2.54,150.82638,8.83,387.30382,14.62,1864.49143,5.38,1909.40216,6.94
生技醫療,傳產-生技,保瑞,1.78,0.82,13.38955,-2.01,53.63649,-7.75,282.44982,-29.48,1908.88766,-21.17,1922.21251,-20.75
電子–電腦及週邊設備,電子中游-二次電池,新普,4.12,-1.95,16.9561,-1.78,55.00524,6.87,129.98052,-0.36,600.43112,-2.12,618.44943,-4.22
電子–通信網路,電子中游-網通,是方,0.06506,-2,7.22798,7.74,12.65973,4.36,34.97028,-6.4,101.8814,-15.82,102.70539,-18.01
電子–半導體,電子上游-IC-設計,廣穎,1.31,2.32,7.31808,5.87,16.68995,15.33,93.72182,12.65,136.29624,32.43,136.37506,28.65
電子–電子零組件,電子上游-PCB-材料設備,金居,163,4.69,31.16802,9.92,782.48943,22.03,2713.21548,18.38,8842.05802,388.02,8843.46538,382.16
電子–電子零組件,電子上游-連接元件,新日興,4.75,0.99,15.24382,-1.46,144.16131,3.85,465.69246,-22.12,4169.04045,3.19,4186.58074,-0.99
電子–光電,電子中游-光學鏡片,玉晶光,4.85,-2.67,32.36443,6.14,92.53452,-0.99,286.13347,5.64,1279.35389,-3.11,1320.24665,-7.31
電子–通信網路,電子下游-電信服務,遠傳,3.07,0.68,17.66537,0.57,90.56613,0.34,334.0307,-0.79,1360.15758,2.6,1369.05629,2.95
化學工業,傳產-化學工業,三晃,2.29,5.15,5.64829,25.95,7.68503,45.37,9.73494,25,41.6223,1.85,42.24284,3.13
電子–半導體,電子上游-IC-半導體設備,華景電,3.69,-1.83,19.42517,14.03,152.36069,72.46,197.34054,52.19,735.14155,81.71,737.68131,81.3
電子–半導體,電子上游-IC-設計,矽力*-KY,6.06,-3.13,13.64754,-1.79,108.39658,-4.25,508.86919,-21.52,2239.50373,-53.38,2276.80914,-52.28
運動休閒,傳產-其他,寶成,5.62,0.33,11.89877,-1.15,52.15958,-2.74,185.82092,4.51,1102.38953,-15.5,1121.13741,-14.13
電子–其他電子,電子中游-儀器設備工程,倚強科,4.36,-1.45,6.24892,28.64,12.82324,38.5,22.85206,-5.71,165.02423,73.53,165.10636,68.18
電子–光電,電子下游-太陽能,國碩,1.8,-1.58,17.84534,-7.17,128.56833,24.69,158.29556,26.88,297.50822,72.35,297.99439,71.77
電子–電子通路,電子上游-IC-通路,擎亞,5.6,3.73,13.72013,1.8,72.34557,10.15,382.08748,22.01,1590.56055,38.4,1591.56088,35.31
電子–電子零組件,電子中游-金屬製品,南俊國際,5.17,-5.91,14.84932,2.21,104.62065,-8.2,374.1056,43.98,711.90534,108.42,712.25734,105.35
電子–電子零組件,電子上游-PCB-製造,燿華,4.7,3.49,17.90956,-1.98,108.9202,11.25,151.53603,4.21,574.36806,-12.37,587.43378,-15.42
電子–半導體,電子上游-IC-設計,旺玖,0.09301,-0.78,3.36352,16.44,4.18331,29.11,6.07686,23.19,17.90769,-5.31,18.10163,-7
電子–光電,電子中游-LCD-STN面板,正達,3.71,9.94,7.25471,5.07,12.6574,4.3,75.95629,-18.71,433.17488,3.53,438.24678,5.86
食品工業,傳產-食品,統一,6.64,0.39,61.32157,-0.26,242.74513,1.85,482.12367,-1.15,2218.49482,-1.12,2256.64779,-1.12
電子–其他電子,電子中游-EMS,金寶,2.92,2.46,15.57811,-2.18,99.26722,-0.22,410.18518,14.58,803.95087,-9.13,820.5246,-12.23
電子–光電,電子上游-LED照明及光元件,立碁,2.38,-1.23,23.67175,-2.92,143.1877,7.49,429.83631,34.31,1365.93508,46.05,1380.92678,38.19
生技醫療,傳產-生技,合一,0.08533,0.9,4.47383,-4.63,31.12135,-23.52,89.824,-18.71,531.97888,-36.6,537.39789,-36.31
電子–通信網路,電子中游-通訊設備,統新,3.63,2.66,19.75501,-8.5,98.92976,18.96,109.36832,35.78,170.48243,16.34,173.24404,14.99
電子–其他電子,電子上游-PCB-材料設備,達航科技,0.0673,-1.37,11.38097,5.98,33.07026,9.76,86.43214,62.27,119.01823,111.96,119.25343,107.08
電子–半導體,電子上游-晶圓材料,IET-KY,2.66,0.32,18.16404,5.26,437.7281,66.22,616.90117,110.88,1551.19153,244.83,1553.69676,245.98
電子–半導體,電子上游-IC-設計,點序,4.84,9.96,11.04291,12.18,16.70236,14.98,114.9679,21.77,193.19131,82.6,193.28842,78.08
電子–電子通路,電子上游-IC-通路,聯強,3.83,0.35,22.55151,-1.36,83.26082,-6.46,299.86022,-7.06,929.3902,-15.84,940.79849,-13.35
電子–半導體,電子上游-IC-半導體設備,辛耘,3.68,1.5,5.64886,1.37,29.4776,8.27,129.70356,-11.76,1075.17128,-13.81,1087.82078,-14.46
電子–電腦及週邊設備,電子中游-主機板,青雲,6.13,1.64,14.76624,21.03,28.75597,28.87,54.05151,44.78,98.11259,28.73,98.89155,31.47
玻璃陶瓷,傳產-玻璃陶瓷,和成,0.01896,0.28,2.40764,1.74,4.08396,2.33,15.03305,-7.39,149.55247,4.28,150.03126,2.75
汽車工業,傳產-汽車零組件,宇隆,3.5,2.97,12.08398,12.31,26.77872,15.26,108.27769,10.05,713.12513,-15.59,762.98002,-19.32
數位雲端,電子中游-磁碟陣列,威聯通,1.74,-3.55,11.89583,15.15,20.90321,0,20.90321,0,20.90321,0,20.90321,0
電子–電子零組件,電子上游-被動元件,信昌電,14.6,4.3,20.73166,0.3,103.34663,6.14,693.92105,30.37,813.7831,65.03,814.21351,64.23
電子–電子零組件,電子上游-被動元件,佳邦,3.13,2.44,9.51339,8.48,17.39339,5.68,125.39435,9.64,258.81688,-2.77,277.00721,4.13
數位雲端,傳產-百貨,富邦媒,1.34,-0.72,9.48268,-2.81,21.72346,-5.25,61.4646,-14.08,240.51062,-33.54,244.39159,-31.75
電子–半導體,電子上游-IC-封測,捷創科技,3.95,9.39,19.00551,53.73,22.33099,0,22.33099,0,22.33099,0,22.33099,0
電子–電子零組件,電子上游-被動元件,九豪,6.94,9.97,33.28094,-8.46,99.38082,25.83,134.25886,42.38,171.68906,23.1,172.29543,21.35
建材營建,傳產-營建,中工,0.07662,0.78,5.03935,-3.76,26.38895,-8.9,165.27179,27.49,284.82474,35.45,288.45652,26.23
電子–半導體,電子上游-IC-封測,華東,7.48,8.92,15.77724,5.93,688.99736,45.18,1383.19569,195.61,1477.79192,318.13,1478.06426,316.61
其他,傳產-航運,晟田,0.01858,0.61,2.09772,-2.25,6.04543,-4.3,36.97385,-16.85,1191.42696,20.29,1193.54584,21.14
化學工業,傳產-化學工業,台特化,32.3,9.81,25.63587,3.78,73.78137,2.6,400.00853,-3.95,1829.21707,76.15,1837.45021,83.24
建材營建,傳產-營建,工信,1.52,4.28,8.83381,1.08,57.80755,56.19,84.94361,96.22,133.84985,121.33,134.12062,124.52
電子–通信網路,電子中游-網通,中磊,1.39,0,7.13313,-1.73,18.4237,-3.52,65.58699,-21.19,655.76516,-31.51,670.49554,-32.35
電子–電腦及週邊設備,電子下游-筆記型電腦,神基,5.22,0.43,18.48762,-1.68,47.74726,-4.1,174.16252,-20.41,1051.47814,15.07,1055.89975,16.15
貿易百貨,傳產-百貨,統一超,5.87,0,21.63834,0,90.7409,-6.14,282.51391,-10.69,966.02123,-13.61,973.40887,-12.79
電子–光電,電子下游-太陽能,茂迪,1.38,-2.33,20.59283,-7.33,63.44197,29.13,74.00418,27.6,140.27557,3.46,141.0856,5.44
金融保險,金融-金控,兆豐金,4.06,0.75,25.44553,-2.32,143.86243,-0.5,418.5476,-4.88,1820.27197,7.07,1841.86726,7.35
電子–其他電子,電子中游-儀器設備工程,巨漢,11.9,3.8,18.93487,1.07,88.61297,52.41,105.75388,69.29,134.24086,98.74,134.46784,93.45
汽車工業,傳產-汽車,裕隆,1.97,-1.36,7.74284,-1.92,45.14232,-4.74,136.10846,-3.49,340.94243,-33.98,346.6226,-32.01
化學工業,傳產-化學工業,台肥,0.05283,-0.52,6.42047,0.95,26.63753,-0.21,56.26818,-2.05,233.34355,-2.43,237.57998,-2.81
化學工業,傳產-化學工業,長興,8.4,2.57,12.45969,-2.5,62.70113,2.63,220.41332,0.86,710.64565,51.09,711.53596,54.05
電子–半導體,電子上游-IC-設計,義隆,2.5,-0.84,17.9898,-8.14,49.22486,-8.85,136.40245,-7.42,674.17569,-20.06,681.62163,-17.94
電子–其他電子,電子中游-儀器設備工程,友威科,2.19,5.98,4.88114,11.07,6.31677,9.95,11.76522,4.32,137.12389,-19.54,140.72307,-18.57
電器電纜,傳產-電線電纜,大亞,1.15,1.45,11.81175,-0.52,34.21898,-2.06,158.74856,-2.94,655.48417,-12.19,662.94407,-11.29
電子–電腦及週邊設備,電子中游-NB與手機零組件,銘異,2.88,2.68,19.31062,-5.65,116.64467,15.04,199.16114,27.51,258.83912,35.16,259.17279,32.4
航運業,傳產-航運,台灣虎航,0.06221,-0.16,4.61002,-2.27,24.0628,-4.73,71.82455,-14.23,994.40506,-18.79,1028.03522,-11.07
電子–通信網路,電子下游-消費電子,美律,2.37,-1.94,11.70646,-1.21,50.16662,-2.3,158.55863,-2.3,721.28342,-4.41,728.94886,-3.53
紡織纖維,傳產-紡織纖維,儒鴻,4.14,-1.04,8.57512,-0.77,53.49393,-10.79,178.46087,-12.31,879.22428,-22.77,883.92414,-21.25
電子–電子通路,電子上游-IC-通路,利機,0.03604,-0.13,9.61178,25.42,12.04235,42.99,17.47395,29.34,50.52649,-0.89,50.67855,-0.89
生技醫療,傳產-生技,禾榮科,2.63,-1.44,16.3867,-11.3,50.7291,-17,163.17251,-26.94,278.1759,0,278.1759,0
電子–光電,電子中游-其他,乙盛-KY,0.08806,0.65,6.33362,-5.62,23.19456,-4.46,151.55354,4.04,321.46458,17.5,327.31288,12.31
電子–電子零組件,電子上游-被動元件,晶技,2.16,-0.25,9.45873,-3.13,21.16209,-4.29,83.70325,-10.57,344.44371,-18.76,350.83883,-15.52
電子–其他電子,電子上游-PCB-材料設備,聯策,1.07,3.92,5.14496,14.45,6.59331,19.96,11.09137,0,268.19595,-21.87,270.28072,-20.4
電子–通信網路,電子上游-被動元件,璟德,1.57,-2.04,9.44773,-2,30.98784,31.25,37.57229,21.49,83.02034,-13.47,83.87311,-14.66
電子–光電,電子中游-LCD-TFT面板,彩晶,1.72,2.44,8.19974,4.98,13.46563,6.7,32.11167,-3.47,106.27227,-3.35,107.32482,-7.36
化學工業,傳產-化學工業,中華化,5,4.38,24.65725,-9.12,61.47867,14.38,149.3631,14.53,309.28549,46.75,309.86954,51.05
生技醫療,傳產-生技,東洋,0.0501,-0.86,2.44216,-2.28,13.79221,-1.57,41.94399,3.03,126.59565,17.15,126.90885,18.29
電子–半導體,電子上游-晶圓材料,合晶,2.01,1.46,10.20213,-1.28,51.62361,8.45,201.6436,0.98,459.83659,14.93,460.67117,13.65
電子–電子通路,電子上游-半導體元件,崇越,2.04,1.89,8.20565,-2.18,33.99025,-4.28,148.37851,-5.37,448.00832,3.85,454.18784,8.68
橡膠工業,傳產-橡膠,正新,1.35,0.17,10.26133,-1.17,47.04226,-8.24,152.48551,-19.84,623.42189,-37.76,628.26591,-36.63
電子–半導體,電子上游-IC-封測,同欣電,3,0.37,21.74298,-2.55,75.31121,8.54,182.15528,18.14,447.93537,0.95,451.18903,-1.23
電子–光電,電子中游-LCD-零組件,華宏,0.0445,1.49,2.35167,9.04,3.14021,10.01,5.33196,1.1,40.55291,-12,41.73599,-15.54
電子–半導體,電子上游-IC-代工,宏捷科,1.51,-0.94,8.81252,-7.39,58.25642,1.43,173.17147,-6.17,595.62236,-5.6,607.3628,-2.62
電子–光電,電子上游-LED照明及光元件,冠西電,0.08961,0.15,8.44635,-0.9,26.92965,26.72,42.0125,3.27,245.52887,-9.54,246.35815,-5.14
電子–通信網路,電子上游-LED照明及光元件,萊德光電-KY,0.08451,8.04,8.99641,-1.23,40.98798,71.67,57.22413,0,57.22413,0,57.22413,0
電子–電子通路,電子中游-儀器設備工程,蔚華科,0.04493,0.9,8.90034,2.37,23.47313,22.52,36.16932,32.99,96.91871,10.65,99.33192,27.02
運動休閒,傳產-其他,鈺齊-KY,0.06131,0,4.96598,-2.39,18.42947,-8.11,108.85901,-1.45,515.60742,-11.18,518.61768,-10.05
電子–半導體,電子上游-IC-設計,宏觀,0.03944,-2.31,5.49162,11.11,11.57872,29.35,15.56273,0,95.35383,11.85,95.48296,11.38
電子–電腦及週邊設備,電子下游-顯示器,佳世達,1,0,6.21435,-2.89,32.53651,-15.47,84.80393,0,366.3149,-35.98,368.23932,-36.37
電子–半導體,電子上游-IC-設計,沛亨,1.74,-0.26,12.36015,1.82,61.0253,14.66,109.42199,26.54,219.78243,131.55,219.89624,120.95
電子–其他電子,電子上游-連接元件,匯鑽科,8.59,9.78,18.93485,-3.43,64.20995,62.81,70.21775,63.16,114.6266,20.19,114.90827,20.97
電機機械,傳產-電機,東台,1.2,1.26,6.01457,6.73,16.46207,3.43,39.70033,-9.3,450.14894,-3.06,456.73775,-2.16
電子–半導體,電子上游-IC-設計,威盛,1.57,-1.15,8.74556,-5.62,108.18261,2.76,155.02843,-5.1,636.33587,-47.47,657.04632,-47.99
電子–資訊服務,軟體-系統整合,零壹,1.12,1.33,6.30656,0.44,17.23341,-4.24,64.89948,-9.24,1301.24672,-11.04,1336.8969,-15.54
電子–其他電子,電子中游-其他,竹陞科技,4.83,6.16,11.42397,-0.4,101.11237,14.57,283.27887,-23.07,841.9652,264.92,843.97688,280.44
運動休閒,傳產-其他,志強-KY,0.06415,0,3.2443,-4.95,10.94733,-11.34,72.0876,-5.8,451.30584,-11.09,453.74859,-6.65
綠能環保,傳產-綠能環保,昶昕,1.14,9.9,3.45668,42.28,3.62078,42.52,4.58561,38.97,16.47515,44.43,16.5936,40.27
電子–電子零組件,電子上游-PCB-材料設備,川寶,0.03266,0.12,2.92402,17.26,3.25175,18.54,6.20651,14.91,36.50785,-11.56,37.80389,-16.92
電子–半導體,電子上游-IC-設計,神盾,1.15,-0.83,6.69449,-6.59,37.98662,-7.66,252.47804,-2.82,903.1202,-29.94,907.46938,-31.73
化學工業,傳產-化學工業,南寶,1.2,1.11,4.98175,-2.33,17.02488,-2.48,87.95075,-20.48,605.45649,3.33,608.21629,6.12
電子–半導體,電子上游-IC-封測,頎邦,2.51,1.3,8.28991,1.89,19.20639,1.13,90.26635,-2.36,406.06557,-9.12,414.47411,-10.82
電子–電子零組件,電子下游-電腦周邊,致伸,2.98,-0.26,10.63096,-0.13,35.8937,-6.34,127.50189,-0.9,449.96843,2.67,452.77682,6.73
電子–電子零組件,電子上游-被動元件,臺慶科,7.24,9.22,5.62922,1.03,31.74041,-2.66,242.36415,13.13,295.57013,27.72,296.10712,24.09
電子–半導體,電子上游-IC-封測,典範,0.04681,1.16,6.1872,9.11,9.64398,25.29,21.59073,32.62,31.52377,43.67,31.59822,42.72
電子–電子零組件,電子下游-資訊通路,好德,0.01024,-0.93,1.64864,8,1.88735,8.43,3.00214,8.87,6.40383,9.93,6.43788,10.11
電子–光電,電子下游-太陽能,聯合再生,0.06791,-1.28,10.42742,-5.49,29.76544,39.55,44.65669,29.86,101.44944,-13.9,102.01647,-14.75
電機機械,電子上游-IC-其他,易發,1.21,-3.64,5.60092,-6.17,27.06224,5.58,69.43063,28.94,141.72785,13.45,143.38107,13.74
電子–電腦及週邊設備,電子下游-工業電腦,研華,4.46,-0.52,12.23044,1.23,78.30503,0.35,335.26183,-9.15,1521.05987,-16.57,1526.13571,-14.76
汽車工業,傳產-汽車,吉茂,0.05006,1.11,6.2049,-11.31,32.11422,14.75,47.95833,19.04,83.06118,42.57,83.49659,45.47
電子–半導體,電子上游-IC-設計,天鈺,2.18,-2.79,9.39805,-1.03,25.51162,3.61,59.88276,-15.09,259.52729,-34.42,261.62663,-34.42
食品工業,傳產-食品,卜蜂,0.07041,0.38,16.47296,-2.95,67.28776,-9,158.81352,-4.71,340.77768,48.86,342.34382,51.67
電子–其他電子,電子中游-儀器設備工程,信紘科,2.14,0.56,5.55015,-0.74,44.37247,7.66,105.27962,1.14,736.82847,54.29,737.64795,53.44
電子–半導體,電子上游-IC-代工,全訊,0.06648,1.55,3.88555,-4.8,9.60643,0,74.73565,-9.15,255.93334,28.09,256.67744,28.6
電機機械,傳產-電機,中興電,3.06,-0.67,9.53353,-0.99,73.39138,1.7,397.19619,-2.61,2157.45485,-2.71,2177.79358,-0.19
電子–電子零組件,電子上游-被動元件,金山電,5.5,5.78,13.56134,-4.29,104.30134,-1.11,281.08605,34.34,342.1548,46.17,343.17208,38.11
綠能環保,傳產-綠能環保,上緯投控,0.0874,0.45,5.38412,-6.72,25.1748,5.21,132.33698,-11.55,678.04992,27.16,679.2166,29.31
電子–電腦及週邊設備,電子中游-主機板,華擎,1.32,0.4,5.70331,-1.39,39.28123,0.2,198.17117,-10.63,739.47356,1.81,746.42747,9.51
電子–光電,電子上游-PCB-材料設備,達興材料,7.12,9.94,9.72874,0.58,42.70388,3.89,190.17847,-9.04,1103.25595,69.31,1121.49974,87.13
電子–電子零組件,電子上游-PCB-製造,博智,1.15,0,7.5374,-6.15,51.58305,-2.33,233.7807,9.8,734.72012,42.64,735.41701,44.43
電子–通信網路,傳產-電線電纜,萬泰科,0.09078,1.94,9.5523,-6.4,65.49785,10.59,117.531,7.48,527.48708,29.58,527.9332,29.43
其他,傳產-鋼鐵,統一實,0.04972,0.28,5.71433,-4.04,18.01741,-4.56,48.44895,1.71,187.10228,25.88,187.6838,22.59
電機機械,傳產-電機,上銀,1.56,1.03,7.64378,-1.52,67.22272,0.78,331.01399,-11.01,3273.53636,-35.11,3402.04485,-40.34
電子–光電,電子中游-機殼,能率,1.46,0.84,13.91856,4.73,67.53245,6.12,190.76709,-11.27,835.15902,45.19,844.27119,31.63
金融保險,金融-保險,三商壽,1.56,0.13,9.06259,1.52,34.94099,9.29,107.82739,32.23,202.28991,27.59,203.99867,26.78
電子–光電,電子上游-LED照明及光元件,銘旺科,0.02759,-0.87,2.95684,-0.87,12.39734,2.43,61.83455,-32.61,785.27939,147.91,787.06705,151.81
電子–電子零組件,電子上游-被動元件,凱美,8.98,5.93,9.22724,1.56,67.96032,0.55,659.1235,17.72,910.22149,37.65,912.23746,35.26
電子–電子零組件,電子上游-被動元件,立隆電,16.4,9.81,11.80152,1.42,66.06173,4.9,430.28436,23.84,920.62474,35.32,923.50509,36.83
電子–電子零組件,電子上游-連接元件,信邦,1.68,-1.82,6.76163,-3.27,34.76533,-11.49,158.40126,-15.38,930.50786,-26.98,945.41372,-23.22
電子–半導體,電子上游-IC-封測,菱生,2.67,3.08,14.56561,1.34,53.04328,13.22,127.60715,13.5,189.15026,31.67,189.45722,30.53
電子–電子通路,電子上游-IC-通路,益登,12.3,9.99,18.64364,5.06,72.02828,10.8,163.86576,5.59,295.21921,36.68,295.73681,34.9
電子–電子零組件,電子上游-被動元件,鈞寶,5.25,9.99,12.45309,-2.22,65.79404,9.99,110.95144,83.16,118.18366,78.48,118.25304,75.78
電子–半導體,電子上游-IC-封測,久元,0.02165,1.18,1.30205,-0.29,6.29321,9.53,10.12556,13.57,31.83608,15.17,32.14379,12.31
電子–電腦及週邊設備,電子中游-PC介面卡,圓剛,0.02892,0,5.41999,10.53,7.42637,8.52,13.09631,-4.78,207.49927,-19.38,212.09808,-21.64
電子–半導體,電子上游-IC-設計,原相,3.92,1.73,6.94386,0.25,31.96731,-3.11,277.24678,-16.49,1850.80647,-13.53,1877.92566,-17.08
電子–通信網路,電子上游-半導體元件,聯亞,5.06,4.4,12.35601,3.03,287.57344,15.23,987.44815,31.83,3289.90976,67.5,3294.63481,58.63
航運業,傳產-航運,慧洋-KY,1.55,-0.15,8.42461,-1.59,103.52616,-2.3,290.08147,19.33,1408.10269,12.06,1416.48886,8.9
電子–電子通路,電子上游-IC-通路,華立,1.29,-0.93,7.01031,-4.87,48.98147,0,89.26661,15.72,238.33495,-6.11,240.6005,-7.64
電子–半導體,電子上游-IC-設計,瑞鼎,2.74,-3.07,14.62619,-0.65,56.10021,6.79,102.38229,-18.43,293.59054,-38.09,302.55955,-38.41
金融保險,金融-銀行,台中銀,0.09049,0.48,11.18435,-2.58,39.63132,0.24,100.57784,-7.96,382.24928,21.71,383.8392,21.07
綠能環保,電子中游-儀器設備工程,世禾,7.61,4.27,18.39098,-0.75,99.03372,27.56,186.42891,19.16,735.68217,53.38,740.58475,60.02
航運業,傳產-航運,新興,1.51,-0.58,6.04692,-1.33,95.75106,-7.62,174.85378,16.55,360.92911,8.09,363.14288,10.43
電子–電子零組件,電子中游-二次電池,長園科,0.06594,2.4,3.59588,6.45,12.35538,14.2,30.82379,-2.55,114.51216,80.23,114.59397,75.27
其他,傳產-其他,裕融,2.42,-1.99,9.23567,-6.14,25.21459,-7.46,58.51473,-12.74,231.38488,-21.81,255.88165,-9.78
電子–電子零組件,電子上游-連接元件,金橋,0.03044,0,3.11686,-4.37,23.9813,10.34,30.19123,24.55,59.83144,11.95,60.24429,14.04
鋼鐵工業,傳產-鋼鐵,沛波,0.00959,-0.47,1.16697,15.01,1.36406,13.19,2.41794,2.88,12.904,-15.12,13.00983,-14.64
航運業,傳產-航運,裕民,2.79,0,13.02888,-1.31,137.55591,-4.88,315.90037,10.62,1505.54212,10.95,1512.14231,10
電子–半導體,電子上游-IC-設計,創惟,0.05667,0.43,4.75106,-4.68,41.74449,3.54,77.22542,-17.89,1028.1763,-41.43,1031.12238,-42.13
其他,傳產-其他,能率亞洲,0.0424,-0.91,3.72833,20.7,5.27596,0,5.27596,0,5.27596,0,5.27596,0
電子–電腦及週邊設備,電子中游-主機板,映泰,6.44,4.4,13.01563,0.58,40.55851,20.23,115.93839,36.55,186.28956,0.58,188.32279,2.35
電子–半導體,電子上游-IC-封測,訊芯-KY,2.42,-0.9,10.48575,-0.3,60.92549,6.41,124.72856,9.57,896.7964,-27.8,919.71417,-30.66
航運業,傳產-航運,台船,0.04176,-0.25,2.46632,-2.44,11.84896,-5.21,82.11902,-9.71,409.16772,33.33,409.81047,32.89
電子–半導體,電子上游-IC-導線架,順德,0.06287,-1.16,3.51722,2.11,9.74858,-4.32,100.56151,-2.39,349.67516,-15.99,352.2404,-15.11
生技醫療,傳產-生技,訊聯,0.06802,1.93,8.62466,2.48,16.58824,4.33,45.9498,27.34,87.21106,29.21,87.67174,32.45
電子–電腦及週邊設備,電子中游-機殼,營邦,0.0884,-0.18,6.84212,-2.44,26.74209,-3.62,144.1558,17.93,487.36341,-11.85,488.90684,-11.04
電子–半導體,電子上游-IC-製造,德微,0.07493,3,2.79919,3.09,6.99467,-2.55,71.71463,-7.93,218.35336,-39.54,219.35077,-40.06
電子–電子通路,電子上游-IC-導線架,長華*,1.39,1.15,8.06871,2.48,31.84962,-3.27,170.3369,10.25,450.33193,3.33,457.18219,1.85
電機機械,傳產-電機,亞力,1.74,-1.41,5.11381,-1.97,58.36722,4.96,249.26947,1.43,1165.88817,0.62,1170.55578,2.61
電子–其他電子,電子下游-其他,所羅門,1.58,2.79,5.02964,-2.33,73.95616,-1.18,155.46101,-10.36,1686.18324,-21.21,1731.16788,-24.73
建材營建,傳產-營建,冠德,1.49,-3.26,11.96156,-3.57,39.64422,4.33,65.40738,-4.39,354.46131,-22,357.47676,-22.31
電子–半導體,電子上游-晶圓材料,漢磊,4.28,4.25,5.89349,1.57,32.23181,5.82,237.56635,-11.6,899.73468,8.71,900.72718,4.33
鋼鐵工業,傳產-鋼鐵,世紀鋼,3.49,4.3,3.92315,0.36,16.11395,-1.41,104.33794,-17.7,1626.50287,-13.59,1634.12024,-13.06
電子–電子零組件,電子中游-電源供應器,僑威,1.2,0,6.539,-0.71,18.25506,-0.57,54.22108,-12.31,1156.12888,0.58,1166.20598,3.27
建材營建,傳產-營建,皇昌,0.08618,0.67,5.21413,-3.22,19.24645,-0.17,100.32555,-16.3,1548.71392,-14.28,1573.293,-3.31
運動休閒,傳產-高爾夫球,復盛應用,1.17,-2.15,8.13789,1.19,30.2513,3.02,59.99876,0,475.92158,-16.82,480.22742,-13.39
化學工業,傳產-化學工業,康普,0.07516,4.6,2.89544,-6.05,17.38112,-7.25,51.24049,-5.23,147.69304,23.56,147.93965,23.56
電子–半導體,電子上游-IC-半導體設備,公準,0.01379,0.66,1.65372,6.29,3.43633,25.36,4.53672,3.4,17.98098,-13.66,18.12731,-11.54
電子–其他電子,傳產-其他,旭暉應材,0.02264,9.89,1.02882,7.87,1.51104,3.35,3.84891,-13.95,27.97395,-18.82,28.68198,-17.73
電子–其他電子,電子上游-IC-其他,汎銓,2.29,2.87,3.90364,-0.57,20.26232,5.78,38.32128,5.78,251.53023,7.34,254.65504,10.72
汽車工業,傳產-汽車,和泰車,1.43,-0.73,12.96884,-2.48,47.99702,-6.62,106.85753,-5.34,425.60235,-9.02,430.60381,-8
金融保險,金融-銀行,彰銀,14.9,-0.24,19.15521,-2.62,73.33367,0,249.18238,1.74,965.573,23.04,988.12451,23.42
運動休閒,傳產-其他,豐泰,3.04,-3.43,8.86761,1.3,20.35157,-10.04,66.64329,-12.41,296.93939,-11.88,301.34799,-8.57
電子–電子零組件,電子上游-PCB-材料設備,亞泰金屬,1.55,5.85,3.03076,-0.28,29.31047,8.79,56.05346,-5.53,142.14832,129.54,142.55561,122.98
紡織纖維,傳產-紡織纖維,聚陽,2.92,-1.73,15.64792,-3.35,80.39133,-9.28,232.81412,3.04,1164.05298,-7.59,1186.18907,-5.29
汽車工業,傳產-汽車零組件,東陽,1.61,0.72,14.55515,1.89,63.29526,-1.42,176.36849,4.86,1005.13812,-6.46,1010.46399,-8.96
電子–電子零組件,電子上游-被動元件,千如,5.68,6.55,9.80729,-5.36,52.54393,9.28,127.14021,39.51,141.64586,40.62,141.72613,40.27
電子–電子零組件,電子上游-連接元件,瀚荃,1.18,2.1,8.02721,0.7,51.51795,0,175.83227,38.08,272.70532,65.77,273.27413,63.06
鋼鐵工業,傳產-鋼鐵,中鴻,0.06411,-0.63,5.85476,2.61,16.61804,0.32,40.74854,1.61,393.28991,-10.51,394.41327,-11.27
油電燃氣,傳產-塑膠,台塑化,2.38,-2.51,7.14482,-3.04,47.56484,-11.32,253.26934,20.1,801.22919,34.61,810.77738,41.42
電子–光電,電子中游-LCD-TFT面板,州巧,0.0893,2.16,9.74882,-6.91,25.8738,-4.24,131.35022,18.95,286.55102,84.08,286.62118,85.23
電子–其他電子,電子中游-變壓器與UPS,碩天,1.17,-1.42,5.57343,0.24,14.46923,7.36,58.70175,0.95,325.88271,-40.08,331.90202,-42.47
化學工業,電子上游-PCB-材料設備,上品,0.09811,1.08,2.84755,-0.43,16.76175,5,53.81481,-22.48,609.17366,-21.93,609.93387,-21.93
汽車工業,傳產-汽車零組件,帝寶,0.09318,-1.43,4.69258,-1.06,20.962,0,63.33664,9.84,233.18669,-30.65,236.27417,-31.78
電子–電子零組件,電子上游-PCB-製造,騰輝電子-KY,0.08912,1.73,6.01088,-1.17,17.0072,5.23,41.49846,-0.86,485.41307,51.23,485.91196,55.11
汽車工業,傳產-汽車零組件,為升,0.02993,0.43,2.57164,-3.53,9.23615,-6.91,74.79627,-23.54,304.69636,-15.3,307.65244,-10.13
電子–電子零組件,電子中游-電源供應器,華容,2.26,3.88,6.21161,-3.96,49.42665,2.23,169.17303,24.85,212.51765,28.83,213.34898,27.32
金融保險,金融-金控,華南金,3.07,1.61,48.25521,-3.13,147.18802,2.65,281.27102,5.26,981.97733,21.33,992.18072,25.05
居家生活,傳產-其他,億豐,1.92,1.52,8.1788,-4.62,66.28376,-4.75,207.75661,-15.46,822.24198,-8.92,838.28191,2.26
電子–半導體,電子上游-晶圓材料,台勝科,1.19,1.79,4.91332,2.04,39.33064,0.11,160.50848,-7.22,382.37924,3.58,385.43058,-0.65
電子–電子零組件,電子上游-連接元件,鉅祥,2.79,5.08,3.5792,-2.15,19.77713,-0.57,97.77144,-16.73,602.35756,4.59,605.14899,4.96
電子–半導體,電子上游-IC-設計,類比科,0.02258,0.71,1.56963,4.67,5.23918,7.28,8.89364,16.42,19.02242,-6.6,19.16732,-7.05
其他,傳產-其他,天品,0.01018,0,1.83673,8,4.40346,13.33,11.35236,8.32,92.68743,-16.92,93.91647,-16.92
其他,傳產-營建,潤泰新,4.17,-0.34,10.12635,-2.3,28.32567,-0.33,87.77809,1.88,509.10211,-28.18,511.69407,-28
建材營建,傳產-營建,華固,1.07,-1.29,9.39352,-1.27,38.17759,15.35,71.46446,22.76,284.91346,11.57,288.25172,13.03
水泥工業,傳產-水泥,亞泥,11.2,1.34,30.18918,2.34,90.04021,-4.37,166.41991,0,791.62781,-2.57,799.34963,-2.57
其他,傳產-水泥,國統,0.06808,-0.9,3.25796,-2.29,13.02663,-0.72,91.97196,12.17,295.01878,14.18,296.44618,19.14
生技醫療,傳產-生技,晶碩,0.06216,-1.4,3.83437,1.24,14.87385,-7.47,57.70874,-10.09,209.57673,-22.13,215.43116,-21.82
建材營建,傳產-營建,國產,1.73,-0.26,12.12757,-0.39,33.38701,6.91,67.35156,5.72,357.94415,-7.99,384.06667,-18.21
運動休閒,傳產-其他,波力-KY,0.04394,-1.39,2.75587,19.6,5.85472,15.05,10.21121,3.6,90.29008,-38.62,94.22084,-35.05
建材營建,傳產-營建,興富發,1.77,-2.36,7.62897,2.16,39.38932,6.63,118.17893,0.75,481.19445,1.46,485.8288,1.69
電子–電子零組件,電子上游-連接元件,宏致,2.61,1.93,5.62195,2.47,14.67557,2.47,73.39541,-12.89,925.30774,26.78,926.80441,28.86
電子–半導體,電子上游-IC-半導體設備,雍智科技,2,0.96,10.39909,0.61,67.0699,-11.97,172.05824,9.34,781.95194,0.39,793.00913,0.15
電子–電子零組件,電子上游-連接元件,佳必琪,3.04,9.71,8.42662,0,22.24622,0.72,109.91243,-13.66,664.98592,-1.75,666.88872,-0.75
電機機械,傳產-電機,亞德客-KY,4.43,2.8,9.27852,-1.17,95.65293,5.08,479.18527,20.78,1834.30113,11.43,1843.446,13.01
電子–其他電子,電子下游-其他,達明,0.07537,-0.89,4.70677,-2.45,24.77245,13.04,113.85355,-20.75,173.47738,0,173.47738,0
金融保險,金融-證券,群益證,1.14,-0.42,10.62266,-1.64,40.7321,-5.15,96.50176,-2.84,420.51133,-5.71,444.63529,4.22
電子–半導體,電子上游-IC-半導體設備,均豪,4.17,9.94,3.88549,-1.95,19.04493,1.91,97.10813,-24.34,1004.97821,-18.94,1011.50788,-21.49
鋼鐵工業,傳產-鋼鐵,允強,0.04975,-2.34,3.21657,4.14,7.35207,3.88,19.03763,10.59,161.57023,16.94,161.89876,14.87
綠能環保,電子下游-太陽能,泓德能源,0.03258,1.32,5.20188,-3.71,10.89285,-5.1,61.99916,-19.1,481.78843,-47.5,491.48043,-44.74
電子–電子零組件,電子上游-被動元件,立敦,4.83,6.6,7.28881,-3.01,67.60804,2.18,205.11254,31.55,310.41888,37.92,310.71306,38.59
電子–電子零組件,電子中游-機殼,偉訓,0.04298,0.78,1.87613,0.13,9.14664,-5.15,74.40836,-20.96,857.91424,-10.83,865.33639,-11.42
塑膠工業,傳產-塑膠,中石化,1.32,-0.77,4.3523,-3.12,23.70297,-6.61,198.1099,7.47,344.92987,8.07,347.16542,5.71
電子–光電,電子下游-數位相機,華晶科,1.13,1.73,3.41207,-1.82,18.9743,-4.5,93.75395,-20.41,1183.02825,8.18,1199.56902,7.74
電子–電腦及週邊設備,電子中游-NB與手機零組件,加百裕,2.12,1.87,5.59874,-5.76,51.68783,1.78,151.48222,-21.37,894.33377,8.26,910.01045,7.13
航運業,傳產-航運,星宇航空,0.06567,-0.42,3.87214,-0.42,14.17135,2.16,54.68093,-4.07,327.24698,-14.65,330.61963,-14.49
電子–光電,電子下游-太陽能,碩禾,0.0303,-1.99,6.97494,-6.41,13.49049,13.9,18.09984,7.5,80.82227,4.29,81.10034,4.29
電子–半導體,電子上游-IC-設計,矽統,0.0971,0.21,3.8761,-2.71,23.77812,-4.51,156.29661,-16.49,841.35527,-33.02,851.85948,-33.96
電子–半導體,電子上游-IC-半導體設備,均華,4.88,3.49,4.99729,3.78,25.75378,14.94,81.74505,-10.88,652.04776,5.43,664.51357,1.15
汽車工業,傳產-汽車零組件,劍麟,1.72,3.32,5.0986,-2.31,57.11572,2.93,92.74986,-0.94,306.28214,19.61,306.95018,17.92
電子–電子零組件,電子中游-電源供應器,飛宏,0.07251,1.05,5.36234,-3.55,28.36023,1.6,156.59442,20.76,246.59238,-21.49,248.07103,-23.9
化學工業,傳產-化學工業,永光,2.75,6.01,3.66514,-3.28,10.32867,5.22,33.15338,-8.15,157.59082,-6.9,158.60502,-7.13
電機機械,傳產-自行車,精確,3.24,7.07,3.43275,-2.19,37.39862,4.5,187.90066,10.48,604.85483,50.61,605.69297,50.81
綠能環保,電子下游-太陽能,雲豹能源,0.04162,0.11,3.8252,-4.39,14.01493,-4.99,57.34754,-21.55,519.18445,-45.37,526.61447,-46.6
鋼鐵工業,傳產-鋼鐵,榮剛,0.04817,-0.62,3.98977,0.94,12.50394,1.58,43.18431,-9.32,295.61492,-26.71,298.43271,-26
其他,傳產-其他,中鼎,0.07485,-0.49,3.34336,-1.44,21.78725,-10.04,66.24921,-2.98,377.48986,-11.51,380.45228,-9.09
電子–通信網路,電子中游-網通,正文,0.03345,0.74,3.26824,-4.79,27.98215,1.32,70.27832,7.19,156.77795,-15.59,158.06367,-14.95
電子–通信網路,電子中游-網通,光環,1.68,1.57,6.53643,-7.28,23.89421,10.66,46.11366,40.86,134.2139,5.99,135.13132,3.69
電子–電子零組件,電子上游-連接元件,正崴,0.04516,0.27,2.13493,-2.12,8.15123,-4.65,57.31524,-19.43,396.499,-46.07,402.9526,-46.88
電子–其他電子,電子中游-儀器設備工程,漢科,16.5,5.95,9.53407,8.03,22.66765,16.45,59.57026,3.07,211.25824,24.25,214.33644,30.54
電子–半導體,電子上游-IC-設計,立積,0.09886,-1.59,3.42687,-2.7,18.3177,-9.03,182.86991,-14.29,922.4115,-35.72,939.79375,-40.39
電子–電腦及週邊設備,電子中游-主機板,精英,0.0872,3.16,3.42482,-4.32,45.09163,7.52,61.17284,7,134.13052,1.37,134.76936,0.5
生技醫療,傳產-生技,順藥,0.05242,-3.34,2.36464,5.42,6.4892,0.78,69.61517,-33.28,238.71637,-18.45,244.34657,-22.2
貿易百貨,傳產-百貨,遠百,0.06934,-1.14,5.26775,-1.35,21.65906,-9.09,50.88261,-1.12,173.73929,5.72,177.56197,4.12
運動休閒,傳產-其他,來億-KY,0.08689,0,6.52215,-2.53,61.47219,-12.41,227.26718,14.38,1066.48993,-34.95,1071.18629,-32.13
生技醫療,傳產-生技,太景*-KY,0.07425,-1.87,3.61399,10.29,15.30389,30.73,20.90505,47.25,38.57381,18.58,38.83827,17.03
橡膠工業,傳產-橡膠,國際中橡,0.03673,-3.04,1.53711,-2.95,10.07129,10.58,19.74623,5.99,56.01213,-8.73,56.51822,-9.45
電子–電腦及週邊設備,電子下游-商業自動化,飛捷,1.05,-0.76,6.14455,-1.08,13.1446,-2.13,52.43755,-10.87,1073.63233,6.74,1074.84791,9.66
電子–半導體,電子上游-IC-設計,奕力-KY,0.07027,-0.51,2.80534,-1.88,15.83582,-2.74,82.04611,-5.33,669.22863,-21.63,672.83068,-25.78
電子–電腦及週邊設備,電子下游-工業電腦,樺漢,1.52,-0.17,9.9458,-4.18,40.40541,0.17,115.56147,-3.37,508.82183,1.52,512.69812,2.39
汽車工業,傳產-汽車零組件,和大,0.05485,1.08,3.28887,-4.12,21.54072,-2.62,55.08164,-9.27,1311.82607,-16.53,1349.7217,-15.91
電子–資訊服務,軟體-系統整合,精誠,0.08881,0,7.36697,-7.45,23.60598,-2.48,113.0091,-0.84,484.09292,-12.12,499.33217,-14.25
電子–光電,電子中游-其他,熒茂,0.0469,1.87,3.068,-1.03,6.71194,17.6,8.78715,4.11,58.11619,-2.39,58.97829,-1.39
汽車工業,傳產-汽車零組件,百達-KY,0.09351,3.45,2.22588,0.43,14.1697,17.56,38.20398,9.01,112.04998,1.2,113.84399,-4.07
其他,傳產-紡織纖維,百和,1.23,-1.29,2.95355,-0.79,12.90828,-10.62,48.62872,-11.25,257.63267,-23.84,260.98771,-21.5
電子–通信網路,電子中游-網通,智易,0.07114,0.29,2.6252,-3.87,17.37399,-7.2,77.49599,-19.44,702.53257,1.87,711.32792,2.75
其他,傳產-塑膠,宏全,1.22,-0.41,3.24756,2.11,23.65659,-3.97,74.99566,-3.59,373.09303,-13.43,375.31282,-14.6
電子–半導體,電子上游-IP/ASIC,M31,2.74,3.85,5.01945,-1.18,30.19532,-15.57,138.86241,-14.71,926.56352,-47.14,937.72978,-49.74
電子–通信網路,電子中游-通訊設備,星通,0.09168,1.41,9.29503,-2.29,33.46618,23.31,45.82113,52.02,128.14872,-22.31,159.81539,-8.84
運動休閒,傳產-運動休閒,喬山,0.07147,-1.66,3.58709,3.78,15.70204,-6.79,64.73376,-17.49,442.62105,-18.43,446.86967,-15.99
電機機械,傳產-電機,台灣精銳,1.06,0.61,4.11267,2.52,36.42888,3.66,101.94449,-2.25,1448.64555,-22.55,1518.92327,-28.72
電子–光電,電子下游-安全監控,昇銳,0.02048,-2.85,2.18908,5.85,3.77789,10.97,8.05343,-3.86,334.41489,19.69,334.46383,19.88
電子–電子零組件,電子上游-連接元件,優群,0.06777,1.26,3.04573,-0.63,15.37222,-4.22,128.88913,-10.92,358.13645,7.83,360.57387,7.48
電子–電腦及週邊設備,電子下游-筆記型電腦,藍天,0.01447,0.13,1.60077,-4.09,7.00558,-4.09,15.4636,-5.72,111.14553,-21.39,112.20783,-20.79
電子–電腦及週邊設備,電子下游-電腦周邊,昆盈,0.04999,1.59,2.11379,-2.67,35.83327,5.17,59.95085,-15.4,754.10467,-23.62,763.29255,-26.18
塑膠工業,傳產-塑膠,台苯,0.01855,-2.03,1.23149,3.02,2.77756,-6.34,7.03954,3.63,23.17352,-7.61,23.49938,-7.13
電子–半導體,電子上游-晶圓材料,嘉晶,1.51,7.44,2.88313,-0.2,16.96044,2.4,138.23353,-6.24,347.39375,12.88,347.93667,10.13
